H. Con. Res. 1 (Engrossed in House) - Regarding consent to assemble outside the seat of government.,https://www.govinfo.gov/content/pkg/BILLS-118hconres1eh/pdf/BILLS-118hconres1eh.pdf
H. Con. Res. 2 (Introduced in House) - Expressing support for the Nation’s law enforcement agencies and condemning any efforts to defund or dismantle law enforcement agencies.,https://www.govinfo.gov/content/pkg/BILLS-118hconres2ih/pdf/BILLS-118hconres2ih.pdf
"H. Con. Res. 3 (Introduced in House) - Expressing the sense of Congress condemning the recent attacks on pro-life facilities, groups, and churches.",https://www.govinfo.gov/content/pkg/BILLS-118hconres3ih/pdf/BILLS-118hconres3ih.pdf
"H. Con. Res. 3 (Engrossed in House) - Expressing the sense of Congress condemning the recent attacks on pro-life facilities, groups, and churches.",https://www.govinfo.gov/content/pkg/BILLS-118hconres3eh/pdf/BILLS-118hconres3eh.pdf
"H. Con. Res. 3 (Referred in Senate) - Expressing the sense of Congress condemning the recent attacks on pro-life facilities, groups, and churches.",https://www.govinfo.gov/content/pkg/BILLS-118hconres3rfs/pdf/BILLS-118hconres3rfs.pdf
H. Con. Res. 4 (Introduced in House) - Expressing support for the Nation’s law enforcement agencies and condemning any efforts to defund or dismantle law enforcement agencies.,https://www.govinfo.gov/content/pkg/BILLS-118hconres4ih/pdf/BILLS-118hconres4ih.pdf
H. Con. Res. 5 (Introduced in House) - Expressing support for the Nation’s law enforcement agencies and condemning any efforts to defund or dismantle law enforcement agencies.,https://www.govinfo.gov/content/pkg/BILLS-118hconres5ih/pdf/BILLS-118hconres5ih.pdf
H. Con. Res. 6 (Introduced in House) - Reclaiming Congress’s Constitutional Mandate in Trade Resolution,https://www.govinfo.gov/content/pkg/BILLS-118hconres6ih/pdf/BILLS-118hconres6ih.pdf
"H. Con. Res. 7 (Introduced in House) - Commending the bravery, courage, and resolve of the women and men of Iran demonstrating in more than 133 cities and risking their safety to speak out against the Iranian regime’s human rights abuses.",https://www.govinfo.gov/content/pkg/BILLS-118hconres7ih/pdf/BILLS-118hconres7ih.pdf
H. Con. Res. 7 (Engrossed in House) - Condemning the Iranian regime’s human rights abuses against the brave women and men of Iran peacefully demonstrating in more than 133 cities.,https://www.govinfo.gov/content/pkg/BILLS-118hconres7eh/pdf/BILLS-118hconres7eh.pdf
H. Con. Res. 7 (Referred in Senate) - Condemning the Iranian regime’s human rights abuses against the brave women and men of Iran peacefully demonstrating in more than 133 cities.,https://www.govinfo.gov/content/pkg/BILLS-118hconres7rfs/pdf/BILLS-118hconres7rfs.pdf
H. Con. Res. 8 (Introduced in House) - Establishing the Task Force on the Legislative Process.,https://www.govinfo.gov/content/pkg/BILLS-118hconres8ih/pdf/BILLS-118hconres8ih.pdf
H. Con. Res. 9 (Introduced in House) - Denouncing the horrors of socialism.,https://www.govinfo.gov/content/pkg/BILLS-118hconres9ih/pdf/BILLS-118hconres9ih.pdf
H. Con. Res. 9 (Engrossed in House) - Denouncing the horrors of socialism.,https://www.govinfo.gov/content/pkg/BILLS-118hconres9eh/pdf/BILLS-118hconres9eh.pdf
H. Con. Res. 9 (Referred in Senate) - Denouncing the horrors of socialism.,https://www.govinfo.gov/content/pkg/BILLS-118hconres9rfs/pdf/BILLS-118hconres9rfs.pdf
"H. Con. Res. 10 (Introduced in House) - Expressing the sense of Congress that the United States should resume normal diplomatic relations with Taiwan, negotiate a bilateral free trade agreement with Taiwan, and support Taiwan’s membership in international organizations.",https://www.govinfo.gov/content/pkg/BILLS-118hconres10ih/pdf/BILLS-118hconres10ih.pdf
H. Con. Res. 11 (Engrossed in House) - Providing for a joint session of Congress to receive a message from the President.,https://www.govinfo.gov/content/pkg/BILLS-118hconres11eh/pdf/BILLS-118hconres11eh.pdf
H. Con. Res. 11 (Received in Senate) - Providing for a joint session of Congress to receive a message from the President.,https://www.govinfo.gov/content/pkg/BILLS-118hconres11rds/pdf/BILLS-118hconres11rds.pdf
H. Con. Res. 11 (Enrolled Bill) - Providing for a joint session of Congress to receive a message from the President.,https://www.govinfo.gov/content/pkg/BILLS-118hconres11enr/pdf/BILLS-118hconres11enr.pdf
H. Con. Res. 12 (Introduced in House) - Expressing the sense of Congress that all direct and indirect subsidies that benefit the production or export of sugar by all major sugar-producing and -consuming countries should be eliminated.,https://www.govinfo.gov/content/pkg/BILLS-118hconres12ih/pdf/BILLS-118hconres12ih.pdf
H. Con. Res. 13 (Introduced in House) - Supporting the Local Radio Freedom Act.,https://www.govinfo.gov/content/pkg/BILLS-118hconres13ih/pdf/BILLS-118hconres13ih.pdf
H. Con. Res. 14 (Introduced in House) - Expressing disapproval of the revocation by President Biden of the Presidential permit for the Keystone XL pipeline.,https://www.govinfo.gov/content/pkg/BILLS-118hconres14ih/pdf/BILLS-118hconres14ih.pdf
H. Con. Res. 15 (Introduced in House) - Authorizing the use of the Capitol Grounds for the National Peace Officers Memorial Service and the National Honor Guard and Pipe Band Exhibition.,https://www.govinfo.gov/content/pkg/BILLS-118hconres15ih/pdf/BILLS-118hconres15ih.pdf
H. Con. Res. 15 (Reported in House) - Authorizing the use of the Capitol Grounds for the National Peace Officers Memorial Service and the National Honor Guard and Pipe Band Exhibition.,https://www.govinfo.gov/content/pkg/BILLS-118hconres15rh/pdf/BILLS-118hconres15rh.pdf
H. Con. Res. 15 (Engrossed in House) - Authorizing the use of the Capitol Grounds for the National Peace Officers Memorial Service and the National Honor Guard and Pipe Band Exhibition.,https://www.govinfo.gov/content/pkg/BILLS-118hconres15eh/pdf/BILLS-118hconres15eh.pdf
H. Con. Res. 15 (Received in Senate) - Authorizing the use of the Capitol Grounds for the National Peace Officers Memorial Service and the National Honor Guard and Pipe Band Exhibition.,https://www.govinfo.gov/content/pkg/BILLS-118hconres15rds/pdf/BILLS-118hconres15rds.pdf
H. Con. Res. 15 (Enrolled Bill) - Authorizing the use of the Capitol Grounds for the National Peace Officers Memorial Service and the National Honor Guard and Pipe Band Exhibition.,https://www.govinfo.gov/content/pkg/BILLS-118hconres15enr/pdf/BILLS-118hconres15enr.pdf
"H. Con. Res. 16 (Introduced in House) - Recognizing the victims of the Port Chicago explosion of July 17, 1944, the 79th anniversary of the greatest homeland loss of life of World War II, and exonerating the 50 African-American sailors unjustly court-martialed by the Navy.",https://www.govinfo.gov/content/pkg/BILLS-118hconres16ih/pdf/BILLS-118hconres16ih.pdf
H. Con. Res. 17 (Introduced in House) - Expressing the sense of Congress that the Federal Government should not impose any restrictions on the export of crude oil or other petroleum products.,https://www.govinfo.gov/content/pkg/BILLS-118hconres17ih/pdf/BILLS-118hconres17ih.pdf
H. Con. Res. 17 (Reported in House) - Expressing the sense of Congress that the Federal Government should not impose any restrictions on the export of crude oil or other petroleum products.,https://www.govinfo.gov/content/pkg/BILLS-118hconres17rh/pdf/BILLS-118hconres17rh.pdf
"H. Con. Res. 18 (Introduced in House) - Establishing deadlines for the Joint Committee of Congress on the Library to approve or deny the statue of the Reverend William Franklin Billy Graham, Jr., for placement in the National Statuary Hall.",https://www.govinfo.gov/content/pkg/BILLS-118hconres18ih/pdf/BILLS-118hconres18ih.pdf
H. Con. Res. 19 (Introduced in House) - Prohibiting President Donald Trump and certain other individuals who attempted to undermine and overturn the 2020 presidential election from entering the United States Capitol.,https://www.govinfo.gov/content/pkg/BILLS-118hconres19ih/pdf/BILLS-118hconres19ih.pdf
"H. Con. Res. 20 (Introduced in House) - Directing the President, pursuant to section 5(c) of the War Powers Resolution, to remove the United States Armed Forces from Syria.",https://www.govinfo.gov/content/pkg/BILLS-118hconres20ih/pdf/BILLS-118hconres20ih.pdf
"H. Con. Res. 21 (Introduced in House) - Directing the President, pursuant to section 5(c) of the War Powers Resolution, to remove the United States Armed Forces from Syria.",https://www.govinfo.gov/content/pkg/BILLS-118hconres21ih/pdf/BILLS-118hconres21ih.pdf
H. Con. Res. 22 (Introduced in House) - Recognizing the significance of equal pay and the disparity between wages paid to men and women.,https://www.govinfo.gov/content/pkg/BILLS-118hconres22ih/pdf/BILLS-118hconres22ih.pdf
"H. Con. Res. 23 (Introduced in House) - Expressing support for the recognition of March 10, 2023, as Abortion Provider Appreciation Day.",https://www.govinfo.gov/content/pkg/BILLS-118hconres23ih/pdf/BILLS-118hconres23ih.pdf
"H. Con. Res. 24 (Introduced in House) - Calling an Article V Convention for proposing a Fiscal Responsibility Amendment to the United States Constitution and stipulating ratification by a vote of We the People, and for other purposes.",https://www.govinfo.gov/content/pkg/BILLS-118hconres24ih/pdf/BILLS-118hconres24ih.pdf
H. Con. Res. 25 (Introduced in House) - Authorizing the use of Emancipation Hall in the Capitol Visitor Center for a ceremony as part of the commemoration of the days of remembrance of victims of the Holocaust.,https://www.govinfo.gov/content/pkg/BILLS-118hconres25ih/pdf/BILLS-118hconres25ih.pdf
H. Con. Res. 25 (Engrossed in House) - Authorizing the use of Emancipation Hall in the Capitol Visitor Center for a ceremony as part of the commemoration of the days of remembrance of victims of the Holocaust.,https://www.govinfo.gov/content/pkg/BILLS-118hconres25eh/pdf/BILLS-118hconres25eh.pdf
H. Con. Res. 25 (Received in Senate) - Authorizing the use of Emancipation Hall in the Capitol Visitor Center for a ceremony as part of the commemoration of the days of remembrance of victims of the Holocaust.,https://www.govinfo.gov/content/pkg/BILLS-118hconres25rds/pdf/BILLS-118hconres25rds.pdf
H. Con. Res. 25 (Enrolled Bill) - Authorizing the use of Emancipation Hall in the Capitol Visitor Center for a ceremony as part of the commemoration of the days of remembrance of victims of the Holocaust.,https://www.govinfo.gov/content/pkg/BILLS-118hconres25enr/pdf/BILLS-118hconres25enr.pdf
"H. Con. Res. 26 (Introduced in House) - Expressing the sense of Congress relating to nuclear power being a necessary clean baseload energy source to achieve a reliable, secure, and green electric grid.",https://www.govinfo.gov/content/pkg/BILLS-118hconres26ih/pdf/BILLS-118hconres26ih.pdf
"H. Con. Res. 27 (Introduced in House) - Condemning Russia’s unjust and arbitrary detention of Russian opposition leader Vladimir Kara-Murza who has stood up in defense of democracy, the rule of law, and free and fair elections in Russia.",https://www.govinfo.gov/content/pkg/BILLS-118hconres27ih/pdf/BILLS-118hconres27ih.pdf
H. Con. Res. 28 (Introduced in House) - Expressing the sense of Congress that tax-exempt fraternal benefit societies have historically provided and continue to provide critical benefits to the people and communities of the United States.,https://www.govinfo.gov/content/pkg/BILLS-118hconres28ih/pdf/BILLS-118hconres28ih.pdf
H. Con. Res. 29 (Introduced in House) - Condemning the Russian Federation’s kidnapping of Ukrainian children.,https://www.govinfo.gov/content/pkg/BILLS-118hconres29ih/pdf/BILLS-118hconres29ih.pdf
"H. Con. Res. 30 (Introduced in House) - Directing the President, pursuant to section 5(c) of the War Powers Resolution, to remove all United States Armed Forces, other than United States Armed Forces assigned to protect the United States Embassy, from Somalia.",https://www.govinfo.gov/content/pkg/BILLS-118hconres30ih/pdf/BILLS-118hconres30ih.pdf
"H. Con. Res. 31 (Introduced in House) - Highlighting the risks that environmental defenders face around the world and commending their role in defending human rights, combating climate chaos, and supporting a clean, healthy, and sustainable environment.",https://www.govinfo.gov/content/pkg/BILLS-118hconres31ih/pdf/BILLS-118hconres31ih.pdf
H. Con. Res. 32 (Introduced in House) - Supporting the goals and ideals of International Transgender Day of Visibility.,https://www.govinfo.gov/content/pkg/BILLS-118hconres32ih/pdf/BILLS-118hconres32ih.pdf
H. Con. Res. 33 (Introduced in House) - Freedom to Decide Act,https://www.govinfo.gov/content/pkg/BILLS-118hconres33ih/pdf/BILLS-118hconres33ih.pdf
"H. Con. Res. 34 (Introduced in House) - Expressing disapproval of the withdrawal by the Secretary of the Interior of approximately 225,504 acres of National Forest System lands in Cook, Lake, and Saint Louis Counties, Minnesota, from disposition under the United States mineral and geothermal leasing laws.",https://www.govinfo.gov/content/pkg/BILLS-118hconres34ih/pdf/BILLS-118hconres34ih.pdf
H. Con. Res. 35 (Introduced in House) - Authorizing the use of Emancipation Hall in the Capitol Visitor Center for an event to celebrate a King Kamehameha Day Lei Draping Ceremony.,https://www.govinfo.gov/content/pkg/BILLS-118hconres35ih/pdf/BILLS-118hconres35ih.pdf
H. Con. Res. 35 (Engrossed in House) - Authorizing the use of Emancipation Hall in the Capitol Visitor Center for an event to celebrate a King Kamehameha Day Lei Draping Ceremony.,https://www.govinfo.gov/content/pkg/BILLS-118hconres35eh/pdf/BILLS-118hconres35eh.pdf
H. Con. Res. 35 (Received in Senate) - Authorizing the use of Emancipation Hall in the Capitol Visitor Center for an event to celebrate a King Kamehameha Day Lei Draping Ceremony.,https://www.govinfo.gov/content/pkg/BILLS-118hconres35rds/pdf/BILLS-118hconres35rds.pdf
H. Con. Res. 35 (Enrolled Bill) - Authorizing the use of Emancipation Hall in the Capitol Visitor Center for an event to celebrate a King Kamehameha Day Lei Draping Ceremony.,https://www.govinfo.gov/content/pkg/BILLS-118hconres35enr/pdf/BILLS-118hconres35enr.pdf
H. Con. Res. 36 (Introduced in House) - Calling for the end of impunity of unpunished Serbian sexual war crimes during the 1999 Kosovo war in the case of United States citizen and sexual war crime survivor Vasfije Krasniqi Goodman and other survivors of sexual and gender-based violence.,https://www.govinfo.gov/content/pkg/BILLS-118hconres36ih/pdf/BILLS-118hconres36ih.pdf
"H. Con. Res. 37 (Introduced in House) - Expressing the sense of Congress that there is a climate emergency which demands a massive-scale mobilization to halt, reverse, and address its consequences and causes.",https://www.govinfo.gov/content/pkg/BILLS-118hconres37ih/pdf/BILLS-118hconres37ih.pdf
"H. Con. Res. 38 (Introduced in House) - Expressing the sense of Congress regarding the execution-style murders of United States citizens Ylli, Agron, and Mehmet Bytyqi in the Republic of Serbia in July 1999.",https://www.govinfo.gov/content/pkg/BILLS-118hconres38ih/pdf/BILLS-118hconres38ih.pdf
"H. Con. Res. 39 (Introduced in House) - Expressing the sense of Congress to support the case of Beatriz, a young woman from a rural area of El Salvador, living in extreme poverty and with lupus, who fought for her life against the state to allow her to terminate a pregnancy that put her at risk, which exposed the serious consequences of the absolute criminalization of abortion in El Salvador, and urging the Salvadoran state to assume its international obligations in the field of human rights.",https://www.govinfo.gov/content/pkg/BILLS-118hconres39ih/pdf/BILLS-118hconres39ih.pdf
H. Con. Res. 40 (Introduced in House) - Expressing support for local law enforcement officers and condemning efforts to defund or dismantle local law enforcement agencies.,https://www.govinfo.gov/content/pkg/BILLS-118hconres40ih/pdf/BILLS-118hconres40ih.pdf
H. Con. Res. 40 (Reported in House) - Expressing support for local law enforcement officers and condemning efforts to defund or dismantle local law enforcement agencies.,https://www.govinfo.gov/content/pkg/BILLS-118hconres40rh/pdf/BILLS-118hconres40rh.pdf
H. Con. Res. 40 (Engrossed in House) - Expressing support for local law enforcement officers and condemning efforts to defund or dismantle local law enforcement agencies.,https://www.govinfo.gov/content/pkg/BILLS-118hconres40eh/pdf/BILLS-118hconres40eh.pdf
H. Con. Res. 40 (Referred in Senate) - Expressing support for local law enforcement officers and condemning efforts to defund or dismantle local law enforcement agencies.,https://www.govinfo.gov/content/pkg/BILLS-118hconres40rfs/pdf/BILLS-118hconres40rfs.pdf
H. Con. Res. 41 (Introduced in House) - Expressing support for the work of open water lifeguards as first responders and emergency response providers.,https://www.govinfo.gov/content/pkg/BILLS-118hconres41ih/pdf/BILLS-118hconres41ih.pdf
"H. Con. Res. 42 (Introduced in House) - Honoring Mary Eliza Mahoney, America’s first professionally trained Black nurse.",https://www.govinfo.gov/content/pkg/BILLS-118hconres42ih/pdf/BILLS-118hconres42ih.pdf
H. Con. Res. 43 (Introduced in House) - Authorizing the use of the Capitol Grounds for the Greater Washington Soap Box Derby.,https://www.govinfo.gov/content/pkg/BILLS-118hconres43ih/pdf/BILLS-118hconres43ih.pdf
H. Con. Res. 43 (Reported in House) - Authorizing the use of the Capitol Grounds for the Greater Washington Soap Box Derby.,https://www.govinfo.gov/content/pkg/BILLS-118hconres43rh/pdf/BILLS-118hconres43rh.pdf
H. Con. Res. 43 (Engrossed in House) - Authorizing the use of the Capitol Grounds for the Greater Washington Soap Box Derby.,https://www.govinfo.gov/content/pkg/BILLS-118hconres43eh/pdf/BILLS-118hconres43eh.pdf
H. Con. Res. 43 (Received in Senate) - Authorizing the use of the Capitol Grounds for the Greater Washington Soap Box Derby.,https://www.govinfo.gov/content/pkg/BILLS-118hconres43rds/pdf/BILLS-118hconres43rds.pdf
H. Con. Res. 43 (Enrolled Bill) - Authorizing the use of the Capitol Grounds for the Greater Washington Soap Box Derby.,https://www.govinfo.gov/content/pkg/BILLS-118hconres43enr/pdf/BILLS-118hconres43enr.pdf
"H. Con. Res. 44 (Introduced in House) - Urging the establishment of a United States Commission on Truth, Racial Healing, and Transformation.",https://www.govinfo.gov/content/pkg/BILLS-118hconres44ih/pdf/BILLS-118hconres44ih.pdf
H. Con. Res. 45 (Introduced in House) - The Hands Off Our Election Resolution of 2023,https://www.govinfo.gov/content/pkg/BILLS-118hconres45ih/pdf/BILLS-118hconres45ih.pdf
H. Con. Res. 46 (Introduced in House) - Fiscal State of the Nation Resolution,https://www.govinfo.gov/content/pkg/BILLS-118hconres46ih/pdf/BILLS-118hconres46ih.pdf
H. Con. Res. 47 (Introduced in House) - Expressing the need for the Senate to provide advice and consent to ratification of the United Nations Convention on Biological Diversity.,https://www.govinfo.gov/content/pkg/BILLS-118hconres47ih/pdf/BILLS-118hconres47ih.pdf
H. Con. Res. 48 (Introduced in House) - Condemning the Chinese Communist Party for the Wuhan Lab leak causing the deadly COVID–19 pandemic.,https://www.govinfo.gov/content/pkg/BILLS-118hconres48ih/pdf/BILLS-118hconres48ih.pdf
H. Con. Res. 49 (Introduced in House) - Congressional Evidence-Based Policymaking Resolution,https://www.govinfo.gov/content/pkg/BILLS-118hconres49ih/pdf/BILLS-118hconres49ih.pdf
H. Con. Res. 50 (Introduced in House) - Expressing congressional disapproval of the actions taken by Dictator President Guillermo Lasso of Ecuador for dissolving the National Assembly and silencing the voice of his opposition in an effort to evade impeachment.,https://www.govinfo.gov/content/pkg/BILLS-118hconres50ih/pdf/BILLS-118hconres50ih.pdf
H. Con. Res. 51 (Introduced in House) - Agreeing that the Chinese Communist Party is the greatest threat to freedom and to the free world.,https://www.govinfo.gov/content/pkg/BILLS-118hconres51ih/pdf/BILLS-118hconres51ih.pdf
"H. Con. Res. 52 (Introduced in House) - Condemning Cuba and the Chinese Communist Party for discussing and implementing an agreement to build a Chinese Communist Party spy base on the island of Cuba, 90 miles from the United States.",https://www.govinfo.gov/content/pkg/BILLS-118hconres52ih/pdf/BILLS-118hconres52ih.pdf
"H. Con. Res. 53 (Introduced in House) - Calling on the President to sign H.R. 2 of the 118th Congress, the Secure the Border Act of 2023.",https://www.govinfo.gov/content/pkg/BILLS-118hconres53ih/pdf/BILLS-118hconres53ih.pdf
"H. Con. Res. 54 (Introduced in House) - Expressing the sense of Congress that title IX of the Education Amendments of 1972 applies to the National Collegiate Athletics Association (NCAA), and the National Collegiate Athletics Association (NCAA) should work to prevent discrimination on the basis of sex in its programs and activities.",https://www.govinfo.gov/content/pkg/BILLS-118hconres54ih/pdf/BILLS-118hconres54ih.pdf
"H. Con. Res. 55 (Introduced in House) - Recognizing the need for a sustainable, economically viable, and fair debt restructuring plan for the Puerto Rico Electric Power Authority.",https://www.govinfo.gov/content/pkg/BILLS-118hconres55ih/pdf/BILLS-118hconres55ih.pdf
"H. Con. Res. 56 (Introduced in House) - Recognizing that the climate crisis disproportionately affects the health, economic opportunity, and fundamental rights of children, expressing the sense of Congress that leadership by the United States is still urgently needed to address the climate crisis, and acknowledging the need of the United States to develop a national, comprehensive, science-based, and just climate recovery plan to phase out fossil fuel emissions, protect and enhance natural carbon sequestration, and put the United States on a path toward stabilizing the climate system.",https://www.govinfo.gov/content/pkg/BILLS-118hconres56ih/pdf/BILLS-118hconres56ih.pdf
H. Con. Res. 57 (Introduced in House) - Expressing the sense of Congress supporting the State of Israel.,https://www.govinfo.gov/content/pkg/BILLS-118hconres57ih/pdf/BILLS-118hconres57ih.pdf
H. Con. Res. 57 (Engrossed in House) - Expressing the sense of Congress supporting the State of Israel.,https://www.govinfo.gov/content/pkg/BILLS-118hconres57eh/pdf/BILLS-118hconres57eh.pdf
H. Con. Res. 57 (Referred in Senate) - Expressing the sense of Congress supporting the State of Israel.,https://www.govinfo.gov/content/pkg/BILLS-118hconres57rfs/pdf/BILLS-118hconres57rfs.pdf
H. Con. Res. 57 (Enrolled Bill) - Expressing the sense of Congress supporting the State of Israel.,https://www.govinfo.gov/content/pkg/BILLS-118hconres57enr/pdf/BILLS-118hconres57enr.pdf
H. Con. Res. 58 (Introduced in House) - Calling on the media to engage in responsible and voluntary journalistic practices to deny mass public murderers the attention they desire and minimize any possible media contagion effect of irresponsible and sensationalistic reporting practices.,https://www.govinfo.gov/content/pkg/BILLS-118hconres58ih/pdf/BILLS-118hconres58ih.pdf
H. Con. Res. 59 (Introduced in House) - Urging all countries to outlaw the dog and cat meat trade and to enforce existing laws against such trade.,https://www.govinfo.gov/content/pkg/BILLS-118hconres59ih/pdf/BILLS-118hconres59ih.pdf
"H. Con. Res. 60 (Introduced in House) - Calling for the immediate release of Marc Fogel, a United States citizen and teacher, who was given an unjust and disproportionate criminal sentence by the Government of the Russian Federation in June 2022.",https://www.govinfo.gov/content/pkg/BILLS-118hconres60ih/pdf/BILLS-118hconres60ih.pdf
H. Con. Res. 61 (Introduced in House) - Supporting Israeli democracy.,https://www.govinfo.gov/content/pkg/BILLS-118hconres61ih/pdf/BILLS-118hconres61ih.pdf
H. Con. Res. 62 (Introduced in House) - Original Slavery Remembrance Day Memorialization Resolution,https://www.govinfo.gov/content/pkg/BILLS-118hconres62ih/pdf/BILLS-118hconres62ih.pdf
"H. Con. Res. 63 (Introduced in House) - Expressing the sense of Congress that August 30, 2023, be observed as the 133d anniversary of the 1890 Institutions.",https://www.govinfo.gov/content/pkg/BILLS-118hconres63ih/pdf/BILLS-118hconres63ih.pdf
"H. Con. Res. 64 (Introduced in House) - Expressing the sense of Congress that all trade agreements the United States enters into, should provide reasonable access and collaboration of each nation involved in such an agreement, for the purpose of search and recovery activities relating to members of the United States Armed Forces still missing and unaccounted for from prior wars or military conflicts.",https://www.govinfo.gov/content/pkg/BILLS-118hconres64ih/pdf/BILLS-118hconres64ih.pdf
H. Con. Res. 65 (Introduced in House) - Authorizing the use of the Capitol Grounds for the Congressional Sneaker Caucus Shoe Drive for the Homeless Community.,https://www.govinfo.gov/content/pkg/BILLS-118hconres65ih/pdf/BILLS-118hconres65ih.pdf
"H. Con. Res. 66 (Introduced in House) - Expressing the sense of Congress in support of a coordinated and effective international response to the crisis in Ukraine and in support of the use of reparations paid by Russia for Ukrainian recovery and reconstruction efforts while ensuring that, to the extent possible, the burden of funding Ukraine’s reconstruction does not fall on United States taxpayers.",https://www.govinfo.gov/content/pkg/BILLS-118hconres66ih/pdf/BILLS-118hconres66ih.pdf
"H. Con. Res. 67 (Introduced in House) - Supporting the designation of the week of September 17 through September 23, 2023, as National Fall Prevention Awareness Week to raise awareness about, and encourage the prevention of, falls among older adults.",https://www.govinfo.gov/content/pkg/BILLS-118hconres67ih/pdf/BILLS-118hconres67ih.pdf
"H. Con. Res. 68 (Introduced in House) - Expressing support for the recognition of September 26, 2023, as World Contraception Day and expressing the sense of the House of Representatives regarding global and domestic access to contraception.",https://www.govinfo.gov/content/pkg/BILLS-118hconres68ih/pdf/BILLS-118hconres68ih.pdf
H. Con. Res. 69 (Introduced in House) - Recognizing the 10th anniversary of the USA Rice-Ducks Unlimited Rice Stewardship Partnership.,https://www.govinfo.gov/content/pkg/BILLS-118hconres69ih/pdf/BILLS-118hconres69ih.pdf
H. Con. Res. 70 (Introduced in House) - Expressing support for designation of the first Friday of October as Manufacturing Day.,https://www.govinfo.gov/content/pkg/BILLS-118hconres70ih/pdf/BILLS-118hconres70ih.pdf
H. Con. Res. 71 (Introduced in House) - Expressing the sense of Congress to encourage full participation of Taiwan in the Asia-Pacific Economic Cooperation forum.,https://www.govinfo.gov/content/pkg/BILLS-118hconres71ih/pdf/BILLS-118hconres71ih.pdf
H. Con. Res. 72 (Introduced in House) - Recognizing the significance of equal pay and the disparity in wages paid to Latina women in comparison to men.,https://www.govinfo.gov/content/pkg/BILLS-118hconres72ih/pdf/BILLS-118hconres72ih.pdf
"H. Con. Res. 73 (Introduced in House) - Condemning the Cuban regime and the Chinese Communist Party for their reported intent to build a joint military training base on the island of Cuba, 100 miles from the United States.",https://www.govinfo.gov/content/pkg/BILLS-118hconres73ih/pdf/BILLS-118hconres73ih.pdf
H. Con. Res. 74 (Introduced in House) - Expressing support for the Geneva Consensus Declaration on Promoting Women’s Health and Strengthening the Family and urging that the United States rejoin this historic declaration.,https://www.govinfo.gov/content/pkg/BILLS-118hconres74ih/pdf/BILLS-118hconres74ih.pdf
H. Con. Res. 75 (Introduced in House) - Expressing the sense of Congress that a commemorative postage stamp should be issued in honor of the Buffalo Soldiers.,https://www.govinfo.gov/content/pkg/BILLS-118hconres75ih/pdf/BILLS-118hconres75ih.pdf
"H. Con. Res. 76 (Introduced in House) - Recognizing the difficult challenges Black veterans faced when returning home after serving in the Armed Forces, their heroic military sacrifices, and their patriotism in fighting for equal rights and for the dignity of a people and a Nation.",https://www.govinfo.gov/content/pkg/BILLS-118hconres76ih/pdf/BILLS-118hconres76ih.pdf
"H. Con. Res. 77 (Introduced in House) - Expressing support for the designation of the week of November 13 through November 19, 2023, as National Caregiving Youth Week to raise awareness and encourage national recognition of children and adolescents under 18 years of age who serve as a primary or secondary caregiver for family or household members.",https://www.govinfo.gov/content/pkg/BILLS-118hconres77ih/pdf/BILLS-118hconres77ih.pdf
"H. Con. Res. 78 (Introduced in House) - Expressing the sense of Congress that public health professionals should be commended for their dedication and service to the United States on Public Health Thank You Day, November 20, 2023.",https://www.govinfo.gov/content/pkg/BILLS-118hconres78ih/pdf/BILLS-118hconres78ih.pdf
H. Con. Res. 79 (Introduced in House) - Authorizing the use of the rotunda of the Capitol for the National Prayer Breakfast.,https://www.govinfo.gov/content/pkg/BILLS-118hconres79ih/pdf/BILLS-118hconres79ih.pdf
H. Con. Res. 80 (Introduced in House) - Recognizing that Federal law does not prohibit elementary school or secondary school students from discussing or sharing information about non-dairy milk alternatives.,https://www.govinfo.gov/content/pkg/BILLS-118hconres80ih/pdf/BILLS-118hconres80ih.pdf
"H. Con. Res. 81 (Introduced in House) - Recognizing international days of peace, coexistence, and cooperation.",https://www.govinfo.gov/content/pkg/BILLS-118hconres81ih/pdf/BILLS-118hconres81ih.pdf
H. Con. Res. 82 (Introduced in House) - Recognizing and supporting the efforts of the New Heights Bid Committee to bring the 2027 Fédération Internationale de Football Association (FIFA) Women’s World Cup competition to the United States and Mexico.,https://www.govinfo.gov/content/pkg/BILLS-118hconres82ih/pdf/BILLS-118hconres82ih.pdf
H. Con. Res. 83 (Introduced in House) - Authorizing the use of the Capitol Grounds for the National Peace Officers Memorial Service and the National Honor Guard and Pipe Band Exhibition.,https://www.govinfo.gov/content/pkg/BILLS-118hconres83ih/pdf/BILLS-118hconres83ih.pdf
"H. Con. Res. 84 (Introduced in House) - Authorizing the use of Emancipation Hall in the Capitol Visitor Center for a ceremony to present the Congressional Gold Medal collectively to the 23d Headquarters Special Troops and the 3133d Signal Services Company, known collectively as the Ghost Army, in recognition of unique and highly distinguished service during World War II.",https://www.govinfo.gov/content/pkg/BILLS-118hconres84ih/pdf/BILLS-118hconres84ih.pdf
"H. Con. Res. 84 (Engrossed in House) - Authorizing the use of Emancipation Hall in the Capitol Visitor Center for a ceremony to present the Congressional Gold Medal collectively to the 23d Headquarters Special Troops and the 3133d Signal Services Company, known collectively as the Ghost Army, in recognition of unique and highly distinguished service during World War II.",https://www.govinfo.gov/content/pkg/BILLS-118hconres84eh/pdf/BILLS-118hconres84eh.pdf
"H. Con. Res. 85 (Introduced in House) - Authorizing the use of Emancipation Hall in the Capitol Visitor Center for a ceremony to present the Congressional Gold Medal collectively to the women in the United States who joined the workforce during World War II, providing the aircraft, vehicles, weaponry, ammunition, and other material to win the war and who were referred to as Rosie the Riveter, in recognition of their contributions to the United States and the inspiration they have provided to ensuing generations.",https://www.govinfo.gov/content/pkg/BILLS-118hconres85ih/pdf/BILLS-118hconres85ih.pdf
"H. Con. Res. 85 (Engrossed in House) - Authorizing the use of Emancipation Hall in the Capitol Visitor Center for a ceremony to present the Congressional Gold Medal collectively to the women in the United States who joined the workforce during World War II, providing the aircraft, vehicles, weaponry, ammunition, and other material to win the war and who were referred to as Rosie the Riveter, in recognition of their contributions to the United States and the inspiration they have provided to ensuing generations.",https://www.govinfo.gov/content/pkg/BILLS-118hconres85eh/pdf/BILLS-118hconres85eh.pdf
H. Con. Res. 86 (Introduced in House) - Expressing the sense of Congress that a carbon tax would be detrimental to the United States economy.,https://www.govinfo.gov/content/pkg/BILLS-118hconres86ih/pdf/BILLS-118hconres86ih.pdf
H. Con. Res. 87 (Introduced in House) - Randy’s Resolution,https://www.govinfo.gov/content/pkg/BILLS-118hconres87ih/pdf/BILLS-118hconres87ih.pdf
"H. Con. Res. 88 (Introduced in House) - Expressing the sense of Congress that the Secretary of State in coordination with the Secretary of the Treasury should investigate the use of cryptocurrencies by Hamas (also known as Harakat al-Muqawama al-Islamiya), and whether any cryptocurrencies were exchanged between Hamas and the United Nations Relief and Works Agency.",https://www.govinfo.gov/content/pkg/BILLS-118hconres88ih/pdf/BILLS-118hconres88ih.pdf
H. Con. Res. 89 (Introduced in House) - Authorizing the use of Emancipation Hall in the Capitol Visitor Center for a ceremony as part of the commemoration of the days of remembrance of victims of the Holocaust.,https://www.govinfo.gov/content/pkg/BILLS-118hconres89ih/pdf/BILLS-118hconres89ih.pdf
H. Con. Res. 89 (Engrossed in House) - Authorizing the use of Emancipation Hall in the Capitol Visitor Center for a ceremony as part of the commemoration of the days of remembrance of victims of the Holocaust.,https://www.govinfo.gov/content/pkg/BILLS-118hconres89eh/pdf/BILLS-118hconres89eh.pdf
H. Con. Res. 90 (Introduced in House) - Condemning the Biden administration for its ban on the issuance of liquefied natural gas export permits.,https://www.govinfo.gov/content/pkg/BILLS-118hconres90ih/pdf/BILLS-118hconres90ih.pdf
H. Con. Res. 91 (Introduced in House) - Authorizing the use of Emancipation Hall in the Capitol Visitor Center for the 12th Annual Fallen Firefighters Congressional Flag Presentation Ceremony.,https://www.govinfo.gov/content/pkg/BILLS-118hconres91ih/pdf/BILLS-118hconres91ih.pdf
H. Con. Res. 92 (Introduced in House) - Honoring the Mary Meachum Freedom Crossing.,https://www.govinfo.gov/content/pkg/BILLS-118hconres92ih/pdf/BILLS-118hconres92ih.pdf
S. Con. Res. 1 (Introduced in Senate) - Adopting Cryptocurrency in Congress as an Exchange of Payment for Transactions Resolution,https://www.govinfo.gov/content/pkg/BILLS-118sconres1is/pdf/BILLS-118sconres1is.pdf
"S. Con. Res. 2 (Introduced in Senate) - Commending the bravery, courage, and resolve of the women and men of Iran demonstrating in more than 133 cities and risking their safety to speak out against the Iranian regime's human rights abuses.",https://www.govinfo.gov/content/pkg/BILLS-118sconres2is/pdf/BILLS-118sconres2is.pdf
"S. Con. Res. 2 (Reported in Senate) - Commending the bravery, courage, and resolve of the women and men of Iran demonstrating in more than 133 cities and risking their safety to speak out against the Iranian regime's human rights abuses.",https://www.govinfo.gov/content/pkg/BILLS-118sconres2rs/pdf/BILLS-118sconres2rs.pdf
"S. Con. Res. 3 (Introduced in Senate) - Affirming the importance of religious freedom as a fundamental human right that is essential to a free society and protected for all people of the United States under the Constitution of the United States, and recognizing the 237th anniversary of the enactment of the Virginia Statute for Religious Freedom.",https://www.govinfo.gov/content/pkg/BILLS-118sconres3is/pdf/BILLS-118sconres3is.pdf
"S. Con. Res. 4 (Introduced in Senate) - Establishing deadlines for the Joint Committee of Congress on the Library to approve or deny the statue of the Reverend William Franklin Billy Graham, Jr., for placement in the National Statuary Hall.",https://www.govinfo.gov/content/pkg/BILLS-118sconres4is/pdf/BILLS-118sconres4is.pdf
S. Con. Res. 5 (Introduced in Senate) - Supporting the Local Radio Freedom Act.,https://www.govinfo.gov/content/pkg/BILLS-118sconres5is/pdf/BILLS-118sconres5is.pdf
"S. Con. Res. 6 (Introduced in Senate) - Expressing support for the recognition of March 10, 2023, as Abortion Provider Appreciation Day.",https://www.govinfo.gov/content/pkg/BILLS-118sconres6is/pdf/BILLS-118sconres6is.pdf
"S. Con. Res. 7 (Introduced in Senate) - Condemning Russia’s unjust and arbitrary detention of Russian opposition leader Vladimir Kara-Murza who has stood up in defense of democracy, the rule of law, and free and fair elections in Russia.",https://www.govinfo.gov/content/pkg/BILLS-118sconres7is/pdf/BILLS-118sconres7is.pdf
"S. Con. Res. 7 (Reported in Senate) - Condemning Russia’s unjust and arbitrary detention of Russian opposition leader Vladimir Kara-Murza who has stood up in defense of democracy, the rule of law, and free and fair elections in Russia.",https://www.govinfo.gov/content/pkg/BILLS-118sconres7rs/pdf/BILLS-118sconres7rs.pdf
"S. Con. Res. 7 (Engrossed in Senate) - Condemning Russia’s unjust and arbitrary detention of Russian opposition leader Vladimir Kara-Murza who has stood up in defense of democracy, the rule of law, and free and fair elections in Russia.",https://www.govinfo.gov/content/pkg/BILLS-118sconres7es/pdf/BILLS-118sconres7es.pdf
S. Con. Res. 8 (Introduced in Senate) - Expressing the sense of Congress that tax-exempt fraternal benefit societies have historically provided and continue to provide critical benefits to the people and communities of the United States.,https://www.govinfo.gov/content/pkg/BILLS-118sconres8is/pdf/BILLS-118sconres8is.pdf
"S. Con. Res. 9 (Introduced in Senate) - Expressing the sense of Congress that there is a climate emergency which demands a massive-scale mobilization to halt, reverse, and address its consequences and causes.",https://www.govinfo.gov/content/pkg/BILLS-118sconres9is/pdf/BILLS-118sconres9is.pdf
S. Con. Res. 10 (Introduced in Senate) - Fiscal State of the Nation Resolution,https://www.govinfo.gov/content/pkg/BILLS-118sconres10is/pdf/BILLS-118sconres10is.pdf
S. Con. Res. 11 (Introduced in Senate) - Expressing the need for the Senate to provide advice and consent to ratification of the United Nations Convention on Biological Diversity.,https://www.govinfo.gov/content/pkg/BILLS-118sconres11is/pdf/BILLS-118sconres11is.pdf
"S. Con. Res. 12 (Introduced in Senate) - Recognizing the need for a sustainable, economically viable, and fair debt restructuring plan for the Puerto Rico Electric Power Authority.",https://www.govinfo.gov/content/pkg/BILLS-118sconres12is/pdf/BILLS-118sconres12is.pdf
"S. Con. Res. 13 (Introduced in Senate) - Recognizing that the climate crisis disproportionately affects the health, economic opportunity, and fundamental rights of children, expressing the sense of Congress that leadership by the United States is still urgently needed to address the climate crisis, and acknowledging the need of the United States to develop a national, comprehensive, science-based, and just climate recovery plan to phase out fossil fuel emissions, protect and enhance natural carbon sequestration, and put the United States on a path toward stabilizing the climate system.",https://www.govinfo.gov/content/pkg/BILLS-118sconres13is/pdf/BILLS-118sconres13is.pdf
S. Con. Res. 14 (Introduced in Senate) - Expressing the sense of Congress supporting the State of Israel.,https://www.govinfo.gov/content/pkg/BILLS-118sconres14is/pdf/BILLS-118sconres14is.pdf
S. Con. Res. 15 (Introduced in Senate) - Calling on the media to engage in responsible and voluntary journalistic practices to deny mass public murderers the attention they desire and minimize any possible media contagion effect of irresponsible and sensationalistic reporting practices.,https://www.govinfo.gov/content/pkg/BILLS-118sconres15is/pdf/BILLS-118sconres15is.pdf
S. Con. Res. 16 (Introduced in Senate) - Urging all countries to outlaw the dog and cat meat trade and to enforce existing laws against such trade.,https://www.govinfo.gov/content/pkg/BILLS-118sconres16is/pdf/BILLS-118sconres16is.pdf
S. Con. Res. 17 (Introduced in Senate) - Transparency in Congress Resolution of 2023,https://www.govinfo.gov/content/pkg/BILLS-118sconres17is/pdf/BILLS-118sconres17is.pdf
"S. Con. Res. 18 (Introduced in Senate) - Calling for the immediate release of Marc Fogel, a United States citizen and teacher, who was given an unjust and disproportionate criminal sentence by the Government of the Russian Federation in June 2022.",https://www.govinfo.gov/content/pkg/BILLS-118sconres18is/pdf/BILLS-118sconres18is.pdf
"S. Con. Res. 19 (Introduced in Senate) - Urging the establishment of a United States Commission on Truth, Racial Healing, and Transformation.",https://www.govinfo.gov/content/pkg/BILLS-118sconres19is/pdf/BILLS-118sconres19is.pdf
S. Con. Res. 20 (Introduced in Senate) - Recognizing the decades-long effort of pro-democracy forces in Chile to end the dictatorship and restore civilian governance in the country.,https://www.govinfo.gov/content/pkg/BILLS-118sconres20is/pdf/BILLS-118sconres20is.pdf
S. Con. Res. 21 (Introduced in Senate) - Recognizing the significance of equal pay and the disparity in wages paid to Latina women in comparison to men.,https://www.govinfo.gov/content/pkg/BILLS-118sconres21is/pdf/BILLS-118sconres21is.pdf
S. Con. Res. 22 (Introduced in Senate) - Expressing support for the Geneva Consensus Declaration on Promoting Women’s Health and Strengthening the Family and urging that the United States rejoin this historic declaration.,https://www.govinfo.gov/content/pkg/BILLS-118sconres22is/pdf/BILLS-118sconres22is.pdf
S. Con. Res. 23 (Introduced in Senate) - Expressing the sense of Congress that a carbon tax would be detrimental to the economy of the United States.,https://www.govinfo.gov/content/pkg/BILLS-118sconres23is/pdf/BILLS-118sconres23is.pdf
S. Con. Res. 24 (Introduced in Senate) - Condemning the hostilities in Sudan and standing with the people of Sudan in their calls for peace and their democratic aspirations.,https://www.govinfo.gov/content/pkg/BILLS-118sconres24is/pdf/BILLS-118sconres24is.pdf
S. Con. Res. 25 (Enrolled Bill) - Providing for a correction in the enrollment of H.R. 2872.,https://www.govinfo.gov/content/pkg/BILLS-118sconres25enr/pdf/BILLS-118sconres25enr.pdf
S. Con. Res. 25 (Agreed to Senate) - Providing for a correction in the enrollment of H.R. 2872.,https://www.govinfo.gov/content/pkg/BILLS-118sconres25ats/pdf/BILLS-118sconres25ats.pdf
S. Con. Res. 25 (Engrossed in Senate) - Providing for a correction in the enrollment of H.R. 2872.,https://www.govinfo.gov/content/pkg/BILLS-118sconres25es/pdf/BILLS-118sconres25es.pdf
S. Con. Res. 26 (Agreed to Senate) - Recognizing and supporting the efforts of the New Heights Bid Committee to bring the 2027 Fédération Internationale de Football Association (FIFA) Women’s World Cup competition to the United States and Mexico.,https://www.govinfo.gov/content/pkg/BILLS-118sconres26ats/pdf/BILLS-118sconres26ats.pdf
S. Con. Res. 26 (Engrossed in Senate) - Recognizing and supporting the efforts of the New Heights Bid Committee to bring the 2027 Fédération Internationale de Football Association (FIFA) Women’s World Cup competition to the United States and Mexico.,https://www.govinfo.gov/content/pkg/BILLS-118sconres26es/pdf/BILLS-118sconres26es.pdf
S. Con. Res. 27 (Introduced in Senate) - Randy's Resolution,https://www.govinfo.gov/content/pkg/BILLS-118sconres27is/pdf/BILLS-118sconres27is.pdf
S. Con. Res. 28 (Introduced in Senate) - Expressing the sense of Congress regarding the authority of the President to use appropriate and necessary force to liberate United States citizens being held by Hamas.,https://www.govinfo.gov/content/pkg/BILLS-118sconres28is/pdf/BILLS-118sconres28is.pdf
S. Con. Res. 29 (Engrossed in Senate) - Providing for a correction in the enrollment of H.R. 815.,https://www.govinfo.gov/content/pkg/BILLS-118sconres29es/pdf/BILLS-118sconres29es.pdf
S. Con. Res. 29 (Agreed to Senate) - Providing for a correction in the enrollment of H.R. 815.,https://www.govinfo.gov/content/pkg/BILLS-118sconres29ats/pdf/BILLS-118sconres29ats.pdf
,https://www.govinfo.gov/content/pkg/BILLS-118sjres1is/pdf/BILLS-118sjres1is.pdf
,https://www.govinfo.gov/content/pkg/BILLS-118sjres2is/pdf/BILLS-118sjres2is.pdf
,https://www.govinfo.gov/content/pkg/BILLS-118sjres3is/pdf/BILLS-118sjres3is.pdf
,https://www.govinfo.gov/content/pkg/BILLS-118sjres4pcs/pdf/BILLS-118sjres4pcs.pdf
,https://www.govinfo.gov/content/pkg/BILLS-118sjres5is/pdf/BILLS-118sjres5is.pdf
,https://www.govinfo.gov/content/pkg/BILLS-118sjres6is/pdf/BILLS-118sjres6is.pdf
,https://www.govinfo.gov/content/pkg/BILLS-118sjres7is/pdf/BILLS-118sjres7is.pdf
,https://www.govinfo.gov/content/pkg/BILLS-118sjres8is/pdf/BILLS-118sjres8is.pdf
,https://www.govinfo.gov/content/pkg/BILLS-118sjres9is/pdf/BILLS-118sjres9is.pdf
,https://www.govinfo.gov/content/pkg/BILLS-118sjres9es/pdf/BILLS-118sjres9es.pdf
,https://www.govinfo.gov/content/pkg/BILLS-118sjres9enr/pdf/BILLS-118sjres9enr.pdf
,https://www.govinfo.gov/content/pkg/BILLS-118sjres10is/pdf/BILLS-118sjres10is.pdf
,https://www.govinfo.gov/content/pkg/BILLS-118sjres10pcs/pdf/BILLS-118sjres10pcs.pdf
,https://www.govinfo.gov/content/pkg/BILLS-118sjres11is/pdf/BILLS-118sjres11is.pdf
,https://www.govinfo.gov/content/pkg/BILLS-118sjres11es/pdf/BILLS-118sjres11es.pdf
,https://www.govinfo.gov/content/pkg/BILLS-118sjres11enr/pdf/BILLS-118sjres11enr.pdf
,https://www.govinfo.gov/content/pkg/BILLS-118sjres12is/pdf/BILLS-118sjres12is.pdf
,https://www.govinfo.gov/content/pkg/BILLS-118sjres13is/pdf/BILLS-118sjres13is.pdf
,https://www.govinfo.gov/content/pkg/BILLS-118sjres14is/pdf/BILLS-118sjres14is.pdf
,https://www.govinfo.gov/content/pkg/BILLS-118sjres15is/pdf/BILLS-118sjres15is.pdf
S.J. Res. 16 (Introduced in Senate) - Proposing an amendment to the Constitution of the United States to require that the Supreme Court of the United States be composed of not more than 9 justices.,https://www.govinfo.gov/content/pkg/BILLS-118sjres16is/pdf/BILLS-118sjres16is.pdf
S.J. Res. 17 (Introduced in Senate) - To acknowledge the courage and sacrifice of veterans of the Vietnam war and formally apologize for the treatment they received upon returning home.,https://www.govinfo.gov/content/pkg/BILLS-118sjres17is/pdf/BILLS-118sjres17is.pdf
S.J. Res. 18 (Introduced in Senate) - Disapproving of the rule submitted by the Department of Homeland Security relating to Public Charge Ground of Inadmissibility.,https://www.govinfo.gov/content/pkg/BILLS-118sjres18is/pdf/BILLS-118sjres18is.pdf
S.J. Res. 18 (Placed on Calendar Senate) - Disapproving of the rule submitted by the Department of Homeland Security relating to Public Charge Ground of Inadmissibility.,https://www.govinfo.gov/content/pkg/BILLS-118sjres18pcs/pdf/BILLS-118sjres18pcs.pdf
S.J. Res. 18 (Engrossed in Senate) - Disapproving of the rule submitted by the Department of Homeland Security relating to Public Charge Ground of Inadmissibility.,https://www.govinfo.gov/content/pkg/BILLS-118sjres18es/pdf/BILLS-118sjres18es.pdf
S.J. Res. 19 (Introduced in Senate) - Proposing a balanced budget amendment to the Constitution of the United States.,https://www.govinfo.gov/content/pkg/BILLS-118sjres19is/pdf/BILLS-118sjres19is.pdf
"S.J. Res. 20 (Introduced in Senate) - Providing for congressional disapproval under chapter 8 of title 5, United States Code, of the rule submitted by the Department of Justice and the Bureau of Alcohol, Tobacco, Firearms and Explosives relating to Factoring Criteria for Firearms With Attached Stabilizing Braces.",https://www.govinfo.gov/content/pkg/BILLS-118sjres20is/pdf/BILLS-118sjres20is.pdf
S.J. Res. 21 (Introduced in Senate) - Proposing an amendment to the Constitution of the United States to require that the Supreme Court of the United States be composed of nine justices.,https://www.govinfo.gov/content/pkg/BILLS-118sjres21is/pdf/BILLS-118sjres21is.pdf
"S.J. Res. 22 (Introduced in Senate) - Providing for congressional disapproval under chapter 8 of title 5, United States Code, of the rule submitted by the Department of Education relating to Waivers and Modifications of Federal Student Loans.",https://www.govinfo.gov/content/pkg/BILLS-118sjres22is/pdf/BILLS-118sjres22is.pdf
"S.J. Res. 23 (Introduced in Senate) - Providing for congressional disapproval under chapter 8 of title 5, United States Code, of the rule submitted by the National Marine Fisheries Service relating to Endangered and Threatened Wildlife and Plants; Regulations for Listing Endangered and Threatened Species and Designating Critical Habitat.",https://www.govinfo.gov/content/pkg/BILLS-118sjres23is/pdf/BILLS-118sjres23is.pdf
"S.J. Res. 23 (Placed on Calendar Senate) - Providing for congressional disapproval under chapter 8 of title 5, United States Code, of the rule submitted by the National Marine Fisheries Service relating to Endangered and Threatened Wildlife and Plants; Regulations for Listing Endangered and Threatened Species and Designating Critical Habitat.",https://www.govinfo.gov/content/pkg/BILLS-118sjres23pcs/pdf/BILLS-118sjres23pcs.pdf
"S.J. Res. 23 (Engrossed in Senate) - Providing for congressional disapproval under chapter 8 of title 5, United States Code, of the rule submitted by the National Marine Fisheries Service relating to Endangered and Threatened Wildlife and Plants; Regulations for Listing Endangered and Threatened Species and Designating Critical Habitat.",https://www.govinfo.gov/content/pkg/BILLS-118sjres23es/pdf/BILLS-118sjres23es.pdf
"S.J. Res. 24 (Introduced in Senate) - Providing for congressional disapproval under chapter 8 of title 5, United States Code, of the rule submitted by the United States Fish and Wildlife Service relating to Endangered and Threatened Wildlife and Plants; Endangered Species Status for Northern Long-Eared Bat.",https://www.govinfo.gov/content/pkg/BILLS-118sjres24is/pdf/BILLS-118sjres24is.pdf
"S.J. Res. 24 (Placed on Calendar Senate) - Providing for congressional disapproval under chapter 8 of title 5, United States Code, of the rule submitted by the United States Fish and Wildlife Service relating to Endangered and Threatened Wildlife and Plants; Endangered Species Status for Northern Long-Eared Bat.",https://www.govinfo.gov/content/pkg/BILLS-118sjres24pcs/pdf/BILLS-118sjres24pcs.pdf
"S.J. Res. 24 (Engrossed in Senate) - Providing for congressional disapproval under chapter 8 of title 5, United States Code, of the rule submitted by the United States Fish and Wildlife Service relating to Endangered and Threatened Wildlife and Plants; Endangered Species Status for Northern Long-Eared Bat.",https://www.govinfo.gov/content/pkg/BILLS-118sjres24es/pdf/BILLS-118sjres24es.pdf
"S.J. Res. 24 (Enrolled Bill) - Providing for congressional disapproval under chapter 8 of title 5, United States Code, of the rule submitted by the United States Fish and Wildlife Service relating to Endangered and Threatened Wildlife and Plants; Endangered Species Status for Northern Long-Eared Bat.",https://www.govinfo.gov/content/pkg/BILLS-118sjres24enr/pdf/BILLS-118sjres24enr.pdf
"S.J. Res. 25 (Introduced in Senate) - Providing for congressional disapproval under chapter 8 of title 5, United States Code, of the rule submitted by the Department of Labor relating to Adverse Effect Wage Rate Methodology for the Temporary Employment of H–2A Nonimmigrants in Non-Range Occupations in the United States.",https://www.govinfo.gov/content/pkg/BILLS-118sjres25is/pdf/BILLS-118sjres25is.pdf
S.J. Res. 26 (Introduced in Senate) - Disapproving the action of the District of Columbia Council in approving the Comprehensive Policing and Justice Reform Amendment Act of 2022.,https://www.govinfo.gov/content/pkg/BILLS-118sjres26is/pdf/BILLS-118sjres26is.pdf
"S.J. Res. 27 (Introduced in Senate) - Providing for congressional disapproval under chapter 8 of title 5, United States Code, of the rule submitted by the Office of Federal Contract Compliance Programs of the Department of Labor relating to Rescission of Implementing Legal Requirements Regarding the Equal Opportunity Clause's Religious Exemption Rule.",https://www.govinfo.gov/content/pkg/BILLS-118sjres27is/pdf/BILLS-118sjres27is.pdf
S.J. Res. 28 (Introduced in Senate) - Providing for the reappointment of Roger W. Ferguson as a citizen regent of the Board of Regents of the Smithsonian Institution.,https://www.govinfo.gov/content/pkg/BILLS-118sjres28is/pdf/BILLS-118sjres28is.pdf
S.J. Res. 29 (Introduced in Senate) - Providing for the reappointment of Michael Govan as a citizen regent of the Board of Regents of the Smithsonian Institution.,https://www.govinfo.gov/content/pkg/BILLS-118sjres29is/pdf/BILLS-118sjres29is.pdf
S.J. Res. 30 (Introduced in Senate) - Providing for the appointment of Antoinette Bush as a citizen regent of the Board of Regents of the Smithsonian Institution.,https://www.govinfo.gov/content/pkg/BILLS-118sjres30is/pdf/BILLS-118sjres30is.pdf
"S.J. Res. 31 (Introduced in Senate) - Providing for congressional disapproval under chapter 8 of title 5, United States Code, of the rule submitted by the Environmental Protection Agency relating to Federal Good Neighbor Plan for the 2015 Ozone National Ambient Air Quality Standards.",https://www.govinfo.gov/content/pkg/BILLS-118sjres31is/pdf/BILLS-118sjres31is.pdf
"S.J. Res. 32 (Introduced in Senate) - Providing for congressional disapproval under chapter 8 of title 5, United States Code, of the rule submitted by the Bureau of Consumer Financial Protection relating to Small Business Lending Under the Equal Credit Opportunity Act (Regulation B).",https://www.govinfo.gov/content/pkg/BILLS-118sjres32is/pdf/BILLS-118sjres32is.pdf
"S.J. Res. 32 (Placed on Calendar Senate) - Providing for congressional disapproval under chapter 8 of title 5, United States Code, of the rule submitted by the Bureau of Consumer Financial Protection relating to Small Business Lending Under the Equal Credit Opportunity Act (Regulation B).",https://www.govinfo.gov/content/pkg/BILLS-118sjres32pcs/pdf/BILLS-118sjres32pcs.pdf
"S.J. Res. 32 (Engrossed in Senate) - Providing for congressional disapproval under chapter 8 of title 5, United States Code, of the rule submitted by the Bureau of Consumer Financial Protection relating to Small Business Lending Under the Equal Credit Opportunity Act (Regulation B).",https://www.govinfo.gov/content/pkg/BILLS-118sjres32es/pdf/BILLS-118sjres32es.pdf
"S.J. Res. 32 (Enrolled Bill) - Providing for congressional disapproval under chapter 8 of title 5, United States Code, of the rule submitted by the Bureau of Consumer Financial Protection relating to Small Business Lending Under the Equal Credit Opportunity Act (Regulation B).",https://www.govinfo.gov/content/pkg/BILLS-118sjres32enr/pdf/BILLS-118sjres32enr.pdf
S.J. Res. 33 (Introduced in Senate) - Proposing an amendment to the Constitution of the United States to prohibit the use of slavery and involuntary servitude as a punishment for a crime.,https://www.govinfo.gov/content/pkg/BILLS-118sjres33is/pdf/BILLS-118sjres33is.pdf
S.J. Res. 34 (Introduced in Senate) - Proposing an amendment to the Constitution of the United States authorizing the Congress to prohibit the physical desecration of the flag of the United States.,https://www.govinfo.gov/content/pkg/BILLS-118sjres34is/pdf/BILLS-118sjres34is.pdf
S.J. Res. 35 (Introduced in Senate) - Redesignating the Robert E. Lee Memorial in Arlington National Cemetery as the Arlington House National Historic Site.,https://www.govinfo.gov/content/pkg/BILLS-118sjres35is/pdf/BILLS-118sjres35is.pdf
"S.J. Res. 36 (Introduced in Senate) - Providing for congressional disapproval under chapter 8 of title 5, United States Code, of the rule submitted by the Office of Federal Contract Compliance Programs of the Department of Labor relating to Rescission of Implementing Legal Requirements Regarding the Equal Opportunity Clause's Religious Exemption Rule.",https://www.govinfo.gov/content/pkg/BILLS-118sjres36is/pdf/BILLS-118sjres36is.pdf
"S.J. Res. 37 (Introduced in Senate) - Requiring the advice and consent of the Senate or an Act of Congress to suspend, terminate, or withdraw the United States from the North Atlantic Treaty and authorizing related litigation, and for other purposes.",https://www.govinfo.gov/content/pkg/BILLS-118sjres37is/pdf/BILLS-118sjres37is.pdf
"S.J. Res. 38 (Introduced in Senate) - Providing for congressional disapproval under chapter 8 of title 5, United States Code, of the rule submitted by the Federal Highway Administration relating to Waiver of Buy America Requirements for Electric Vehicle Chargers.",https://www.govinfo.gov/content/pkg/BILLS-118sjres38is/pdf/BILLS-118sjres38is.pdf
"S.J. Res. 38 (Placed on Calendar Senate) - Providing for congressional disapproval under chapter 8 of title 5, United States Code, of the rule submitted by the Federal Highway Administration relating to Waiver of Buy America Requirements for Electric Vehicle Chargers.",https://www.govinfo.gov/content/pkg/BILLS-118sjres38pcs/pdf/BILLS-118sjres38pcs.pdf
"S.J. Res. 38 (Engrossed in Senate) - Providing for congressional disapproval under chapter 8 of title 5, United States Code, of the rule submitted by the Federal Highway Administration relating to Waiver of Buy America Requirements for Electric Vehicle Chargers.",https://www.govinfo.gov/content/pkg/BILLS-118sjres38es/pdf/BILLS-118sjres38es.pdf
"S.J. Res. 38 (Enrolled Bill) - Providing for congressional disapproval under chapter 8 of title 5, United States Code, of the rule submitted by the Federal Highway Administration relating to Waiver of Buy America Requirements for Electric Vehicle Chargers.",https://www.govinfo.gov/content/pkg/BILLS-118sjres38enr/pdf/BILLS-118sjres38enr.pdf
"S.J. Res. 39 (Introduced in Senate) - Expressing the sense of Congress that the article of amendment commonly known as the Equal Rights Amendment has been validly ratified and is enforceable as the 28th Amendment to the Constitution of the United States, and the Archivist of the United States must certify and publish the Equal Rights Amendment as the 28th Amendment without delay.",https://www.govinfo.gov/content/pkg/BILLS-118sjres39is/pdf/BILLS-118sjres39is.pdf
S.J. Res. 40 (Introduced in Senate) - Original Slavery Remembrance Day Resolution,https://www.govinfo.gov/content/pkg/BILLS-118sjres40is/pdf/BILLS-118sjres40is.pdf
"S.J. Res. 41 (Introduced in Senate) - Providing for congressional disapproval under chapter 8 of title 5, United States Code, of the rule submitted by U.S. Citizenship and Immigration Services and the Executive Officer for Immigration Review relating to “Circumvention of Lawful Pathways”.",https://www.govinfo.gov/content/pkg/BILLS-118sjres41is/pdf/BILLS-118sjres41is.pdf
"S.J. Res. 42 (Introduced in Senate) - Providing for congressional disapproval under chapter 8 of title 5, United States Code, of the rule submitted by the Food and Nutrition Service relating to Application of Bostock v. Clayton County to Program Discrimination Complaint Processing—Policy Update.",https://www.govinfo.gov/content/pkg/BILLS-118sjres42is/pdf/BILLS-118sjres42is.pdf
"S.J. Res. 42 (Placed on Calendar Senate) - Providing for congressional disapproval under chapter 8 of title 5, United States Code, of the rule submitted by the Food and Nutrition Service relating to Application of Bostock v. Clayton County to Program Discrimination Complaint Processing—Policy Update.",https://www.govinfo.gov/content/pkg/BILLS-118sjres42pcs/pdf/BILLS-118sjres42pcs.pdf
"S.J. Res. 43 (Introduced in Senate) - Providing for congressional disapproval under chapter 8 of title 5, United States Code, of the rule submitted by the Department of Education relating to Improving Income Driven Repayment for the William D. Ford Federal Direct Loan Program and the Federal Family Education Loan (FFEL) Program.",https://www.govinfo.gov/content/pkg/BILLS-118sjres43is/pdf/BILLS-118sjres43is.pdf
"S.J. Res. 43 (Placed on Calendar Senate) - Providing for congressional disapproval under chapter 8 of title 5, United States Code, of the rule submitted by the Department of Education relating to Improving Income Driven Repayment for the William D. Ford Federal Direct Loan Program and the Federal Family Education Loan (FFEL) Program.",https://www.govinfo.gov/content/pkg/BILLS-118sjres43pcs/pdf/BILLS-118sjres43pcs.pdf
S.J. Res. 44 (Introduced in Senate) - Directing the removal of United States Armed Forces from hostilities in the Republic of Niger that have not been authorized by Congress.,https://www.govinfo.gov/content/pkg/BILLS-118sjres44is/pdf/BILLS-118sjres44is.pdf
S.J. Res. 45 (Introduced in Senate) - Proposing an amendment to the Constitution of the United States relating to contributions and expenditures intended to affect elections.,https://www.govinfo.gov/content/pkg/BILLS-118sjres45is/pdf/BILLS-118sjres45is.pdf
S.J. Res. 46 (Introduced in Senate) - Commemorating the fifth anniversary of the murder of Jamal Khashoggi and calling for accountability.,https://www.govinfo.gov/content/pkg/BILLS-118sjres46is/pdf/BILLS-118sjres46is.pdf
"S.J. Res. 47 (Introduced in Senate) - Providing for congressional disapproval under chapter 8 of title 5, United States Code, of the rule submitted by the Department of Justice relating to Office of the Attorney General; Home Confinement Under the Coronavirus Aid, Relief, and Economic Security (CARES) Act.",https://www.govinfo.gov/content/pkg/BILLS-118sjres47is/pdf/BILLS-118sjres47is.pdf
S.J. Res. 48 (Introduced in Senate) - Compact of Free Association Amendments Act of 2023,https://www.govinfo.gov/content/pkg/BILLS-118sjres48is/pdf/BILLS-118sjres48is.pdf
"S.J. Res. 49 (Introduced in Senate) - Providing for congressional disapproval under chapter 8 of title 5, United States Code, of the rule submitted by the National Labor Relations Board relating to a Standard for Determining Joint Employer Status.",https://www.govinfo.gov/content/pkg/BILLS-118sjres49is/pdf/BILLS-118sjres49is.pdf
"S.J. Res. 50 (Introduced in Senate) - Providing for congressional disapproval under chapter 8 of title 5, United States Code, of the rule submitted by the Securities and Exchange Commission relating to Cybersecurity Risk Management, Strategy, Governance, and Incident Disclosure.",https://www.govinfo.gov/content/pkg/BILLS-118sjres50is/pdf/BILLS-118sjres50is.pdf
S.J. Res. 51 (Introduced in Senate) - Directing the removal of United States Armed Forces from hostilities in Syria that have not been authorized by Congress.,https://www.govinfo.gov/content/pkg/BILLS-118sjres51is/pdf/BILLS-118sjres51is.pdf
"S.J. Res. 52 (Introduced in Senate) - Providing for congressional disapproval under chapter 8 of title 5, United States Code, of the rule submitted by the Environmental Protection Agency entitled Finding That Lead Emissions From Aircraft Engines That Operate on Leaded Fuel Cause or Contribute to Air Pollution That May Reasonably Be Anticipated To Endanger Public Health and Welfare.",https://www.govinfo.gov/content/pkg/BILLS-118sjres52is/pdf/BILLS-118sjres52is.pdf
S.J. Res. 53 (Introduced in Senate) - Providing for congressional disapproval of the proposed foreign military sale to the Kingdom of Saudi Arabia of certain defense articles and services.,https://www.govinfo.gov/content/pkg/BILLS-118sjres53is/pdf/BILLS-118sjres53is.pdf
S.J. Res. 54 (Introduced in Senate) - Providing for congressional disapproval of the proposed foreign military sale to the Government of Egypt of certain defense articles and services.,https://www.govinfo.gov/content/pkg/BILLS-118sjres54is/pdf/BILLS-118sjres54is.pdf
S.J. Res. 55 (Introduced in Senate) - Providing for congressional disapproval of the proposed foreign military sale to the Government of Egypt of certain defense articles and services.,https://www.govinfo.gov/content/pkg/BILLS-118sjres55is/pdf/BILLS-118sjres55is.pdf
S.J. Res. 56 (Introduced in Senate) - Providing for congressional disapproval of the proposed foreign military sales to the Government of Egypt of certain defense articles and services.,https://www.govinfo.gov/content/pkg/BILLS-118sjres56is/pdf/BILLS-118sjres56is.pdf
"S.J. Res. 57 (Introduced in Senate) - Providing for congressional disapproval under chapter 8 of title 5, United States Code, of the rule submitted by the Department of the Treasury relating to Coronavirus State and Local Fiscal Recovery Funds.",https://www.govinfo.gov/content/pkg/BILLS-118sjres57is/pdf/BILLS-118sjres57is.pdf
"S.J. Res. 58 (Introduced in Senate) - Providing for congressional disapproval under chapter 8 of title 5, United States Code, of the rule submitted by the Department of Energy relating to Energy Conservation Program: Energy Conservation Standards for Consumer Furnaces.",https://www.govinfo.gov/content/pkg/BILLS-118sjres58is/pdf/BILLS-118sjres58is.pdf
"S.J. Res. 59 (Introduced in Senate) - Providing for congressional disapproval under chapter 8 of title 5, United States Code, of the rule submitted by the Securities and Exchange Commission relating to Staff Accounting Bulletin No. 121.",https://www.govinfo.gov/content/pkg/BILLS-118sjres59is/pdf/BILLS-118sjres59is.pdf
S.J. Res. 60 (Introduced in Senate) - Providing for congressional disapproval of the proposed foreign military sale to the Government of Türkiye of certain defense articles and services.,https://www.govinfo.gov/content/pkg/BILLS-118sjres60is/pdf/BILLS-118sjres60is.pdf
"S.J. Res. 61 (Introduced in Senate) - Providing for congressional disapproval under chapter 8 of title 5, United States Code, of the rule submitted by the Federal Highway Administration relating to National Performance Management Measures; Assessing Performance of the National Highway System, Greenhouse Gas Emissions Measure.",https://www.govinfo.gov/content/pkg/BILLS-118sjres61is/pdf/BILLS-118sjres61is.pdf
"S.J. Res. 62 (Introduced in Senate) - Providing for congressional disapproval under chapter 8 of title 5, United States Code, of the rule submitted by the Animal and Plant Health Inspection Service relating to Importation of Fresh Beef From Paraguay.",https://www.govinfo.gov/content/pkg/BILLS-118sjres62is/pdf/BILLS-118sjres62is.pdf
