bill,yea,nay,no vote
"H.R. 815: National Security Act, 2024 ","Van Hollen, Chris; Coons, Christopher; Fetterman, John; King, Angus; Rounds, Mike; Casey, Bob; Moran, Jerry; Murray, Patty; Hassan, Maggie; Cortez Masto, Catherine; Crapo, Mike; Bennet, Michael; Schatz, Brian; Hickenlooper, John; Markey, Ed; Booker, Cory; Stabenow, Debbie; Wyden, Ron; Durbin, Richard; Collins, Susan; Schumer, Chuck; Reed, Jack; Klobuchar, Amy; Sullivan, Dan; Capito, Shelley; Kennedy, John Neely; Cornyn, John; Cardin, Benjamin; Cantwell, Maria; Baldwin, Tammy; Padilla, Alex; Peters, Gary; Murkowski, Lisa; Kaine, Tim; Blumenthal, Richard; Shaheen, Jeanne; Grassley, Chuck; Risch, James; Cassidy, Bill; Warren, Elizabeth; Menendez, Bob; Carper, Thomas; Duckworth, Tammy; Romney, Mitt; Tester, Jon; Boozman, John; McConnell, Mitch; Hirono, Mazie; Ossoff, Jon; Brown, Sherrod; Smith, Tina; Rosen, Jacky; Warnock, Raphael; Wicker, Roger; Luján, Ben; Young, Todd; Tillis, Thom; Cramer, Kevin; Hoeven, John; Thune, John; Sinema, Kyrsten; Manchin, Joe; Heinrich, Martin; Whitehouse, Sheldon; Ernst, Joni; Murphy, Christopher; Warner, Mark; Butler, Laphonza; Gillibrand, Kirsten; Kelly, Mark","Schmitt, Eric; Rubio, Marco; Vance, J.D. (James); Graham, Lindsey; Cotton, Tom; Braun, Mike; Blackburn, Marsha; Hawley, Josh; Barrasso, John; Paul, Rand; Johnson, Ron; Tuberville, Tommy; Scott, Tim; Daines, Steve; Lee, Mike; Hagerty, Bill; Welch, Peter; Scott, Rick; Cruz, Ted; Hyde-Smith, Cindy; Britt, Katie; Budd, Ted; Merkley, Jeff; Mullin, Markwayne; Fischer, Deb; Ricketts, Pete; Marshall, Roger; Lankford, James; Sanders, Bernie","Lummis, Cynthia"
Motion to Invoke Cloture Re: H.R. 815 ,"Van Hollen, Chris; Coons, Christopher; Fetterman, John; King, Angus; Rounds, Mike; Casey, Bob; Moran, Jerry; Murray, Patty; Hassan, Maggie; Cortez Masto, Catherine; Bennet, Michael; Schatz, Brian; Hickenlooper, John; Markey, Ed; Booker, Cory; Stabenow, Debbie; Wyden, Ron; Durbin, Richard; Collins, Susan; Schumer, Chuck; Reed, Jack; Klobuchar, Amy; Sullivan, Dan; Capito, Shelley; Kennedy, John Neely; Cornyn, John; Cardin, Benjamin; Cantwell, Maria; Baldwin, Tammy; Padilla, Alex; Peters, Gary; Welch, Peter; Murkowski, Lisa; Kaine, Tim; Blumenthal, Richard; Shaheen, Jeanne; Grassley, Chuck; Cassidy, Bill; Warren, Elizabeth; Menendez, Bob; Carper, Thomas; Duckworth, Tammy; Romney, Mitt; Tester, Jon; McConnell, Mitch; Hirono, Mazie; Ossoff, Jon; Brown, Sherrod; Smith, Tina; Rosen, Jacky; Warnock, Raphael; Wicker, Roger; Luján, Ben; Young, Todd; Tillis, Thom; Thune, John; Manchin, Joe; Sinema, Kyrsten; Heinrich, Martin; Whitehouse, Sheldon; Ernst, Joni; Murphy, Christopher; Warner, Mark; Butler, Laphonza; Gillibrand, Kirsten; Kelly, Mark","Schmitt, Eric; Rubio, Marco; Vance, J.D. (James); Graham, Lindsey; Cotton, Tom; Braun, Mike; Crapo, Mike; Blackburn, Marsha; Hawley, Josh; Barrasso, John; Paul, Rand; Johnson, Ron; Tuberville, Tommy; Scott, Tim; Daines, Steve; Lee, Mike; Hagerty, Bill; Scott, Rick; Cruz, Ted; Hyde-Smith, Cindy; Risch, James; Britt, Katie; Budd, Ted; Boozman, John; Merkley, Jeff; Cramer, Kevin; Mullin, Markwayne; Hoeven, John; Fischer, Deb; Ricketts, Pete; Marshall, Roger; Lankford, James; Sanders, Bernie","Lummis, Cynthia"
S.Amdt. 1388 (Murray) to H.R. 815: In the nature of a substitute. ,"Van Hollen, Chris; Coons, Christopher; Fetterman, John; King, Angus; Rounds, Mike; Casey, Bob; Moran, Jerry; Murray, Patty; Hassan, Maggie; Cortez Masto, Catherine; Bennet, Michael; Schatz, Brian; Hickenlooper, John; Markey, Ed; Booker, Cory; Stabenow, Debbie; Wyden, Ron; Durbin, Richard; Collins, Susan; Schumer, Chuck; Reed, Jack; Klobuchar, Amy; Sullivan, Dan; Capito, Shelley; Kennedy, John Neely; Cornyn, John; Cardin, Benjamin; Cantwell, Maria; Baldwin, Tammy; Padilla, Alex; Peters, Gary; Welch, Peter; Murkowski, Lisa; Kaine, Tim; Blumenthal, Richard; Shaheen, Jeanne; Grassley, Chuck; Cassidy, Bill; Warren, Elizabeth; Menendez, Bob; Carper, Thomas; Duckworth, Tammy; Romney, Mitt; Tester, Jon; McConnell, Mitch; Hirono, Mazie; Ossoff, Jon; Brown, Sherrod; Smith, Tina; Rosen, Jacky; Warnock, Raphael; Wicker, Roger; Luján, Ben; Young, Todd; Tillis, Thom; Thune, John; Manchin, Joe; Sinema, Kyrsten; Heinrich, Martin; Whitehouse, Sheldon; Ernst, Joni; Murphy, Christopher; Warner, Mark; Butler, Laphonza; Gillibrand, Kirsten; Kelly, Mark","Schmitt, Eric; Rubio, Marco; Vance, J.D. (James); Graham, Lindsey; Cotton, Tom; Braun, Mike; Crapo, Mike; Blackburn, Marsha; Hawley, Josh; Barrasso, John; Paul, Rand; Johnson, Ron; Tuberville, Tommy; Scott, Tim; Daines, Steve; Lee, Mike; Hagerty, Bill; Scott, Rick; Cruz, Ted; Hyde-Smith, Cindy; Risch, James; Britt, Katie; Budd, Ted; Boozman, John; Merkley, Jeff; Cramer, Kevin; Mullin, Markwayne; Hoeven, John; Fischer, Deb; Ricketts, Pete; Marshall, Roger; Lankford, James; Sanders, Bernie","Lummis, Cynthia"
On the Motion (Motion to Waive All Applicable Budgetary Discipline During the Consideration of H.R. 815) ,"Van Hollen, Chris; Coons, Christopher; Fetterman, John; King, Angus; Rounds, Mike; Casey, Bob; Moran, Jerry; Murray, Patty; Hassan, Maggie; Cortez Masto, Catherine; Bennet, Michael; Schatz, Brian; Hickenlooper, John; Markey, Ed; Booker, Cory; Stabenow, Debbie; Wyden, Ron; Durbin, Richard; Collins, Susan; Schumer, Chuck; Reed, Jack; Klobuchar, Amy; Sullivan, Dan; Capito, Shelley; Kennedy, John Neely; Cornyn, John; Cardin, Benjamin; Cantwell, Maria; Baldwin, Tammy; Padilla, Alex; Peters, Gary; Welch, Peter; Murkowski, Lisa; Kaine, Tim; Blumenthal, Richard; Shaheen, Jeanne; Cassidy, Bill; Warren, Elizabeth; Menendez, Bob; Carper, Thomas; Duckworth, Tammy; Romney, Mitt; Tester, Jon; McConnell, Mitch; Hirono, Mazie; Ossoff, Jon; Brown, Sherrod; Smith, Tina; Rosen, Jacky; Warnock, Raphael; Wicker, Roger; Luján, Ben; Young, Todd; Tillis, Thom; Merkley, Jeff; Thune, John; Manchin, Joe; Sinema, Kyrsten; Heinrich, Martin; Whitehouse, Sheldon; Ernst, Joni; Murphy, Christopher; Warner, Mark; Butler, Laphonza; Gillibrand, Kirsten; Kelly, Mark","Schmitt, Eric; Rubio, Marco; Vance, J.D. (James); Graham, Lindsey; Cotton, Tom; Braun, Mike; Crapo, Mike; Blackburn, Marsha; Hawley, Josh; Barrasso, John; Paul, Rand; Johnson, Ron; Tuberville, Tommy; Scott, Tim; Daines, Steve; Lee, Mike; Hagerty, Bill; Scott, Rick; Cruz, Ted; Hyde-Smith, Cindy; Grassley, Chuck; Risch, James; Britt, Katie; Budd, Ted; Boozman, John; Cramer, Kevin; Mullin, Markwayne; Hoeven, John; Fischer, Deb; Ricketts, Pete; Marshall, Roger; Lankford, James; Sanders, Bernie","Lummis, Cynthia"
Motion to Invoke Cloture Re: Murray Amdt. No. 1388 to H.R. 815 ,"Van Hollen, Chris; Coons, Christopher; Fetterman, John; King, Angus; Rounds, Mike; Casey, Bob; Moran, Jerry; Murray, Patty; Hassan, Maggie; Cortez Masto, Catherine; Bennet, Michael; Schatz, Brian; Hickenlooper, John; Markey, Ed; Booker, Cory; Stabenow, Debbie; Wyden, Ron; Durbin, Richard; Collins, Susan; Schumer, Chuck; Reed, Jack; Klobuchar, Amy; Sullivan, Dan; Capito, Shelley; Kennedy, John Neely; Cornyn, John; Cardin, Benjamin; Cantwell, Maria; Baldwin, Tammy; Padilla, Alex; Peters, Gary; Welch, Peter; Murkowski, Lisa; Kaine, Tim; Blumenthal, Richard; Shaheen, Jeanne; Grassley, Chuck; Cassidy, Bill; Warren, Elizabeth; Menendez, Bob; Carper, Thomas; Duckworth, Tammy; Romney, Mitt; Tester, Jon; McConnell, Mitch; Hirono, Mazie; Ossoff, Jon; Brown, Sherrod; Smith, Tina; Rosen, Jacky; Wicker, Roger; Luján, Ben; Mullin, Markwayne; Young, Todd; Tillis, Thom; Merkley, Jeff; Thune, John; Manchin, Joe; Sinema, Kyrsten; Heinrich, Martin; Whitehouse, Sheldon; Ernst, Joni; Murphy, Christopher; Warner, Mark; Butler, Laphonza; Gillibrand, Kirsten; Kelly, Mark","Schmitt, Eric; Rubio, Marco; Vance, J.D. (James); Graham, Lindsey; Cotton, Tom; Crapo, Mike; Blackburn, Marsha; Hawley, Josh; Barrasso, John; Paul, Rand; Johnson, Ron; Tuberville, Tommy; Scott, Tim; Daines, Steve; Lee, Mike; Hagerty, Bill; Cruz, Ted; Hyde-Smith, Cindy; Britt, Katie; Budd, Ted; Boozman, John; Hoeven, John; Fischer, Deb; Ricketts, Pete; Marshall, Roger; Lankford, James; Sanders, Bernie","Scott, Rick; Cramer, Kevin; Warnock, Raphael; Lummis, Cynthia; Risch, James; Braun, Mike"
On the Motion to Table H.R. 815 ,"Schmitt, Eric; Rubio, Marco; Rounds, Mike; Moran, Jerry; Graham, Lindsey; Cotton, Tom; Crapo, Mike; Blackburn, Marsha; Hawley, Josh; Barrasso, John; Paul, Rand; Johnson, Ron; Tuberville, Tommy; Scott, Tim; Collins, Susan; Daines, Steve; Sullivan, Dan; Capito, Shelley; Kennedy, John Neely; Cornyn, John; Lee, Mike; Hagerty, Bill; Cruz, Ted; Hyde-Smith, Cindy; Grassley, Chuck; Cassidy, Bill; Britt, Katie; Budd, Ted; Boozman, John; McConnell, Mitch; Wicker, Roger; Mullin, Markwayne; Hoeven, John; Fischer, Deb; Ernst, Joni; Ricketts, Pete; Marshall, Roger; Lankford, James; Sanders, Bernie; Thune, John","Van Hollen, Chris; Coons, Christopher; Fetterman, John; King, Angus; Casey, Bob; Murray, Patty; Hassan, Maggie; Cortez Masto, Catherine; Bennet, Michael; Schatz, Brian; Hickenlooper, John; Markey, Ed; Booker, Cory; Stabenow, Debbie; Wyden, Ron; Durbin, Richard; Schumer, Chuck; Reed, Jack; Klobuchar, Amy; Cardin, Benjamin; Cantwell, Maria; Baldwin, Tammy; Padilla, Alex; Peters, Gary; Welch, Peter; Murkowski, Lisa; Kaine, Tim; Blumenthal, Richard; Shaheen, Jeanne; Warren, Elizabeth; Menendez, Bob; Carper, Thomas; Duckworth, Tammy; Romney, Mitt; Tester, Jon; Hirono, Mazie; Ossoff, Jon; Brown, Sherrod; Smith, Tina; Rosen, Jacky; Luján, Ben; Merkley, Jeff; Manchin, Joe; Young, Todd; Tillis, Thom; Sinema, Kyrsten; Heinrich, Martin; Whitehouse, Sheldon; Murphy, Christopher; Warner, Mark; Butler, Laphonza; Gillibrand, Kirsten; Kelly, Mark","Scott, Rick; Cramer, Kevin; Warnock, Raphael; Lummis, Cynthia; Vance, J.D. (James); Risch, James; Braun, Mike"
Motion to Proceed on H.R. 815: RELIEVE Act ,"Van Hollen, Chris; Coons, Christopher; Fetterman, John; King, Angus; Rounds, Mike; Casey, Bob; Murray, Patty; Hassan, Maggie; Cortez Masto, Catherine; Bennet, Michael; Schatz, Brian; Hickenlooper, John; Markey, Ed; Booker, Cory; Stabenow, Debbie; Wyden, Ron; Durbin, Richard; Collins, Susan; Schumer, Chuck; Reed, Jack; Klobuchar, Amy; Sullivan, Dan; Capito, Shelley; Cardin, Benjamin; Cantwell, Maria; Baldwin, Tammy; Padilla, Alex; Peters, Gary; Welch, Peter; Murkowski, Lisa; Kaine, Tim; Blumenthal, Richard; Shaheen, Jeanne; Grassley, Chuck; Cassidy, Bill; Warren, Elizabeth; Menendez, Bob; Carper, Thomas; Duckworth, Tammy; Romney, Mitt; Tester, Jon; McConnell, Mitch; Hirono, Mazie; Ossoff, Jon; Brown, Sherrod; Smith, Tina; Rosen, Jacky; Warnock, Raphael; Wicker, Roger; Luján, Ben; Young, Todd; Tillis, Thom; Mullin, Markwayne; Merkley, Jeff; Thune, John; Sinema, Kyrsten; Manchin, Joe; Heinrich, Martin; Whitehouse, Sheldon; Murphy, Christopher; Warner, Mark; Butler, Laphonza; Gillibrand, Kirsten; Kelly, Mark","Schmitt, Eric; Rubio, Marco; Vance, J.D. (James); Graham, Lindsey; Cotton, Tom; Crapo, Mike; Blackburn, Marsha; Hawley, Josh; Paul, Rand; Tuberville, Tommy; Scott, Tim; Lee, Mike; Britt, Katie; Boozman, John; Cramer, Kevin; Hoeven, John; Fischer, Deb; Ricketts, Pete; Sanders, Bernie","Scott, Rick; Cruz, Ted; Daines, Steve; Lummis, Cynthia; Hyde-Smith, Cindy; Johnson, Ron; Moran, Jerry; Kennedy, John Neely; Risch, James; Cornyn, John; Ernst, Joni; Braun, Mike; Marshall, Roger; Lankford, James; Barrasso, John; Budd, Ted; Hagerty, Bill"
"Upon Reconsideration, Motion to Invoke Cloture on the Motion to Proceed to H.R. 815 ","Van Hollen, Chris; Coons, Christopher; Fetterman, John; King, Angus; Rounds, Mike; Casey, Bob; Moran, Jerry; Murray, Patty; Hassan, Maggie; Cortez Masto, Catherine; Bennet, Michael; Schatz, Brian; Hickenlooper, John; Markey, Ed; Booker, Cory; Stabenow, Debbie; Wyden, Ron; Durbin, Richard; Collins, Susan; Schumer, Chuck; Reed, Jack; Klobuchar, Amy; Sullivan, Dan; Capito, Shelley; Kennedy, John Neely; Cornyn, John; Cardin, Benjamin; Cantwell, Maria; Baldwin, Tammy; Padilla, Alex; Peters, Gary; Welch, Peter; Murkowski, Lisa; Kaine, Tim; Blumenthal, Richard; Shaheen, Jeanne; Grassley, Chuck; Cassidy, Bill; Warren, Elizabeth; Menendez, Bob; Carper, Thomas; Duckworth, Tammy; Romney, Mitt; Tester, Jon; McConnell, Mitch; Hirono, Mazie; Ossoff, Jon; Brown, Sherrod; Smith, Tina; Rosen, Jacky; Warnock, Raphael; Wicker, Roger; Luján, Ben; Young, Todd; Tillis, Thom; Merkley, Jeff; Thune, John; Manchin, Joe; Sinema, Kyrsten; Heinrich, Martin; Whitehouse, Sheldon; Ernst, Joni; Murphy, Christopher; Warner, Mark; Butler, Laphonza; Gillibrand, Kirsten; Kelly, Mark","Schmitt, Eric; Rubio, Marco; Vance, J.D. (James); Graham, Lindsey; Cotton, Tom; Braun, Mike; Crapo, Mike; Blackburn, Marsha; Hawley, Josh; Barrasso, John; Paul, Rand; Johnson, Ron; Tuberville, Tommy; Scott, Tim; Daines, Steve; Lee, Mike; Hagerty, Bill; Scott, Rick; Cruz, Ted; Hyde-Smith, Cindy; Risch, James; Britt, Katie; Budd, Ted; Boozman, John; Cramer, Kevin; Mullin, Markwayne; Hoeven, John; Fischer, Deb; Ricketts, Pete; Marshall, Roger; Lankford, James; Sanders, Bernie","Lummis, Cynthia"
On the Motion to Reconsider H.R. 815 ,"Van Hollen, Chris; Coons, Christopher; Fetterman, John; King, Angus; Casey, Bob; Moran, Jerry; Murray, Patty; Hassan, Maggie; Cortez Masto, Catherine; Bennet, Michael; Schatz, Brian; Hickenlooper, John; Markey, Ed; Booker, Cory; Stabenow, Debbie; Wyden, Ron; Durbin, Richard; Collins, Susan; Schumer, Chuck; Reed, Jack; Klobuchar, Amy; Kennedy, John Neely; Cardin, Benjamin; Cantwell, Maria; Baldwin, Tammy; Padilla, Alex; Peters, Gary; Welch, Peter; Murkowski, Lisa; Kaine, Tim; Blumenthal, Richard; Shaheen, Jeanne; Warren, Elizabeth; Menendez, Bob; Carper, Thomas; Duckworth, Tammy; Romney, Mitt; Tester, Jon; McConnell, Mitch; Hirono, Mazie; Ossoff, Jon; Brown, Sherrod; Smith, Tina; Rosen, Jacky; Warnock, Raphael; Luján, Ben; Merkley, Jeff; Young, Todd; Tillis, Thom; Manchin, Joe; Sinema, Kyrsten; Heinrich, Martin; Whitehouse, Sheldon; Murphy, Christopher; Warner, Mark; Butler, Laphonza; Gillibrand, Kirsten; Kelly, Mark","Schmitt, Eric; Rubio, Marco; Vance, J.D. (James); Rounds, Mike; Graham, Lindsey; Cotton, Tom; Braun, Mike; Crapo, Mike; Blackburn, Marsha; Hawley, Josh; Barrasso, John; Paul, Rand; Johnson, Ron; Tuberville, Tommy; Scott, Tim; Daines, Steve; Sullivan, Dan; Capito, Shelley; Cornyn, John; Lee, Mike; Hagerty, Bill; Scott, Rick; Cruz, Ted; Hyde-Smith, Cindy; Grassley, Chuck; Risch, James; Cassidy, Bill; Britt, Katie; Budd, Ted; Boozman, John; Cramer, Kevin; Wicker, Roger; Mullin, Markwayne; Hoeven, John; Fischer, Deb; Ernst, Joni; Ricketts, Pete; Marshall, Roger; Lankford, James; Sanders, Bernie; Thune, John","Lummis, Cynthia"
Motion to Invoke Cloture: Motion to Proceed to H.R. 815 ,"Van Hollen, Chris; Coons, Christopher; Fetterman, John; King, Angus; Casey, Bob; Murray, Patty; Hassan, Maggie; Cortez Masto, Catherine; Bennet, Michael; Schatz, Brian; Hickenlooper, John; Booker, Cory; Stabenow, Debbie; Wyden, Ron; Durbin, Richard; Collins, Susan; Reed, Jack; Klobuchar, Amy; Cardin, Benjamin; Cantwell, Maria; Baldwin, Tammy; Peters, Gary; Welch, Peter; Murkowski, Lisa; Kaine, Tim; Blumenthal, Richard; Shaheen, Jeanne; Romney, Mitt; Carper, Thomas; Duckworth, Tammy; Tester, Jon; Hirono, Mazie; Ossoff, Jon; Brown, Sherrod; Smith, Tina; Rosen, Jacky; Warnock, Raphael; Luján, Ben; Merkley, Jeff; Manchin, Joe; Sinema, Kyrsten; Heinrich, Martin; Whitehouse, Sheldon; Murphy, Christopher; Lankford, James; Warner, Mark; Butler, Laphonza; Gillibrand, Kirsten; Kelly, Mark","Schmitt, Eric; Rubio, Marco; Vance, J.D. (James); Rounds, Mike; Moran, Jerry; Graham, Lindsey; Cotton, Tom; Braun, Mike; Crapo, Mike; Blackburn, Marsha; Hawley, Josh; Barrasso, John; Paul, Rand; Markey, Ed; Tuberville, Tommy; Johnson, Ron; Schumer, Chuck; Scott, Tim; Daines, Steve; Sullivan, Dan; Capito, Shelley; Kennedy, John Neely; Cornyn, John; Padilla, Alex; Lee, Mike; Hagerty, Bill; Scott, Rick; Cruz, Ted; Hyde-Smith, Cindy; Grassley, Chuck; Risch, James; Cassidy, Bill; Warren, Elizabeth; Menendez, Bob; Britt, Katie; Budd, Ted; Boozman, John; McConnell, Mitch; Cramer, Kevin; Wicker, Roger; Mullin, Markwayne; Young, Todd; Tillis, Thom; Hoeven, John; Fischer, Deb; Ernst, Joni; Ricketts, Pete; Marshall, Roger; Sanders, Bernie; Thune, John","Lummis, Cynthia"
"On the Nomination PN1239: Amy M. Baggio, of Oregon, to be United States District Judge for the District of Oregon ","Van Hollen, Chris; Coons, Christopher; Fetterman, John; King, Angus; Casey, Bob; Graham, Lindsey; Murray, Patty; Hassan, Maggie; Cortez Masto, Catherine; Bennet, Michael; Schatz, Brian; Hickenlooper, John; Markey, Ed; Booker, Cory; Stabenow, Debbie; Wyden, Ron; Durbin, Richard; Collins, Susan; Schumer, Chuck; Reed, Jack; Klobuchar, Amy; Cardin, Benjamin; Cantwell, Maria; Baldwin, Tammy; Padilla, Alex; Peters, Gary; Welch, Peter; Murkowski, Lisa; Kaine, Tim; Blumenthal, Richard; Shaheen, Jeanne; Warren, Elizabeth; Menendez, Bob; Carper, Thomas; Duckworth, Tammy; Tester, Jon; Hirono, Mazie; Ossoff, Jon; Brown, Sherrod; Smith, Tina; Rosen, Jacky; Warnock, Raphael; Luján, Ben; Merkley, Jeff; Manchin, Joe; Sinema, Kyrsten; Heinrich, Martin; Whitehouse, Sheldon; Murphy, Christopher; Sanders, Bernie; Warner, Mark; Butler, Laphonza; Gillibrand, Kirsten; Kelly, Mark","Schmitt, Eric; Rubio, Marco; Vance, J.D. (James); Rounds, Mike; Moran, Jerry; Cotton, Tom; Braun, Mike; Crapo, Mike; Blackburn, Marsha; Hawley, Josh; Paul, Rand; Johnson, Ron; Tuberville, Tommy; Scott, Tim; Daines, Steve; Sullivan, Dan; Capito, Shelley; Kennedy, John Neely; Cornyn, John; Lee, Mike; Hagerty, Bill; Scott, Rick; Cruz, Ted; Hyde-Smith, Cindy; Grassley, Chuck; Risch, James; Cassidy, Bill; Romney, Mitt; Britt, Katie; Budd, Ted; Boozman, John; McConnell, Mitch; Cramer, Kevin; Wicker, Roger; Mullin, Markwayne; Young, Todd; Tillis, Thom; Hoeven, John; Fischer, Deb; Ernst, Joni; Ricketts, Pete; Marshall, Roger; Lankford, James; Thune, John","Lummis, Cynthia; Barrasso, John"
"Motion to Invoke Cloture: Amy M. Baggio to be U.S. District Judge for the District of Oregon: Amy M. Baggio, of Oregon, to be United States District Judge for the District of Oregon ","Van Hollen, Chris; Coons, Christopher; Fetterman, John; King, Angus; Casey, Bob; Graham, Lindsey; Murray, Patty; Hassan, Maggie; Cortez Masto, Catherine; Bennet, Michael; Schatz, Brian; Hickenlooper, John; Markey, Ed; Booker, Cory; Stabenow, Debbie; Wyden, Ron; Durbin, Richard; Collins, Susan; Schumer, Chuck; Reed, Jack; Klobuchar, Amy; Cardin, Benjamin; Cantwell, Maria; Baldwin, Tammy; Padilla, Alex; Peters, Gary; Welch, Peter; Murkowski, Lisa; Kaine, Tim; Blumenthal, Richard; Shaheen, Jeanne; Warren, Elizabeth; Menendez, Bob; Carper, Thomas; Duckworth, Tammy; Tester, Jon; Hirono, Mazie; Ossoff, Jon; Brown, Sherrod; Smith, Tina; Rosen, Jacky; Warnock, Raphael; Luján, Ben; Merkley, Jeff; Manchin, Joe; Sinema, Kyrsten; Heinrich, Martin; Whitehouse, Sheldon; Murphy, Christopher; Sanders, Bernie; Warner, Mark; Butler, Laphonza; Gillibrand, Kirsten; Kelly, Mark","Schmitt, Eric; Rubio, Marco; Vance, J.D. (James); Rounds, Mike; Moran, Jerry; Cotton, Tom; Crapo, Mike; Blackburn, Marsha; Hawley, Josh; Paul, Rand; Johnson, Ron; Tuberville, Tommy; Scott, Tim; Daines, Steve; Sullivan, Dan; Capito, Shelley; Kennedy, John Neely; Cornyn, John; Lee, Mike; Hagerty, Bill; Scott, Rick; Cruz, Ted; Hyde-Smith, Cindy; Grassley, Chuck; Risch, James; Cassidy, Bill; Romney, Mitt; Britt, Katie; Budd, Ted; Boozman, John; McConnell, Mitch; Cramer, Kevin; Wicker, Roger; Mullin, Markwayne; Young, Todd; Tillis, Thom; Hoeven, John; Fischer, Deb; Ernst, Joni; Ricketts, Pete; Marshall, Roger; Lankford, James; Thune, John","Braun, Mike; Lummis, Cynthia; Barrasso, John"
"On the Nomination PN1113: Kurt Campbell, of the District of Columbia, to be Deputy Secretary of State ","Booker, Cory; Hickenlooper, John; Scott, Tim; Kennedy, John Neely; Cardin, Benjamin; Lee, Mike; Murkowski, Lisa; Cruz, Ted; Kaine, Tim; Hyde-Smith, Cindy; Shaheen, Jeanne; Romney, Mitt; Duckworth, Tammy; Boozman, John; Hirono, Mazie; Ossoff, Jon; Merkley, Jeff; Rosen, Jacky; Wicker, Roger; Manchin, Joe; Fischer, Deb; Heinrich, Martin; Whitehouse, Sheldon; Marshall, Roger; Butler, Laphonza; Van Hollen, Chris; Coons, Christopher; Graham, Lindsey; Hassan, Maggie; Paul, Rand; Markey, Ed; Stabenow, Debbie; Schumer, Chuck; Collins, Susan; Cantwell, Maria; Peters, Gary; Welch, Peter; Carper, Thomas; Budd, Ted; Brown, Sherrod; Luján, Ben; Young, Todd; Lankford, James; Schmitt, Eric; Rubio, Marco; Rounds, Mike; Casey, Bob; Moran, Jerry; Cotton, Tom; Cortez Masto, Catherine; Blackburn, Marsha; Bennet, Michael; Wyden, Ron; Durbin, Richard; Daines, Steve; Sullivan, Dan; Baldwin, Tammy; Padilla, Alex; Hagerty, Bill; Warren, Elizabeth; Menendez, Bob; Tester, Jon; McConnell, Mitch; Smith, Tina; Cramer, Kevin; Mullin, Markwayne; Hoeven, John; Ernst, Joni; Murphy, Christopher; Warner, Mark; Kelly, Mark; Gillibrand, Kirsten; Fetterman, John; King, Angus; Murray, Patty; Crapo, Mike; Schatz, Brian; Johnson, Ron; Reed, Jack; Klobuchar, Amy; Capito, Shelley; Cornyn, John; Blumenthal, Richard; Grassley, Chuck; Risch, James; Cassidy, Bill; Britt, Katie; Warnock, Raphael; Tillis, Thom; Sinema, Kyrsten; Ricketts, Pete; Thune, John","Scott, Rick; Vance, J.D. (James); Sanders, Bernie; Hawley, Josh; Tuberville, Tommy","Braun, Mike; Lummis, Cynthia; Barrasso, John"
"Motion to Invoke Cloture: Kurt Campbell to be Deputy Secretary of State: Kurt Campbell, of the District of Columbia, to be Deputy Secretary of State ","Booker, Cory; Hickenlooper, John; Scott, Tim; Cardin, Benjamin; Lee, Mike; Murkowski, Lisa; Cruz, Ted; Kaine, Tim; Hyde-Smith, Cindy; Shaheen, Jeanne; Duckworth, Tammy; Boozman, John; Hirono, Mazie; Ossoff, Jon; Merkley, Jeff; Rosen, Jacky; Wicker, Roger; Manchin, Joe; Fischer, Deb; Heinrich, Martin; Whitehouse, Sheldon; Marshall, Roger; Butler, Laphonza; Van Hollen, Chris; Coons, Christopher; Graham, Lindsey; Hassan, Maggie; Paul, Rand; Markey, Ed; Stabenow, Debbie; Schumer, Chuck; Collins, Susan; Cantwell, Maria; Peters, Gary; Welch, Peter; Carper, Thomas; Budd, Ted; Brown, Sherrod; Luján, Ben; Young, Todd; Lankford, James; Schmitt, Eric; Rubio, Marco; Rounds, Mike; Casey, Bob; Moran, Jerry; Cotton, Tom; Cortez Masto, Catherine; Blackburn, Marsha; Bennet, Michael; Wyden, Ron; Durbin, Richard; Daines, Steve; Sullivan, Dan; Baldwin, Tammy; Padilla, Alex; Hagerty, Bill; Warren, Elizabeth; Menendez, Bob; Tester, Jon; McConnell, Mitch; Smith, Tina; Cramer, Kevin; Mullin, Markwayne; Hoeven, John; Ernst, Joni; Murphy, Christopher; Warner, Mark; Kelly, Mark; Gillibrand, Kirsten; Fetterman, John; King, Angus; Murray, Patty; Crapo, Mike; Schatz, Brian; Johnson, Ron; Reed, Jack; Klobuchar, Amy; Capito, Shelley; Cornyn, John; Blumenthal, Richard; Grassley, Chuck; Risch, James; Cassidy, Bill; Britt, Katie; Warnock, Raphael; Tillis, Thom; Sinema, Kyrsten; Ricketts, Pete; Thune, John","Scott, Rick; Vance, J.D. (James); Kennedy, John Neely; Hawley, Josh; Tuberville, Tommy","Lummis, Cynthia; Braun, Mike; Romney, Mitt; Sanders, Bernie; Barrasso, John"
"On the Nomination PN1247: Joseph Albert Laroski, Jr., of Maryland, to be a Judge of the United States Court of International Trade ","Van Hollen, Chris; Coons, Christopher; Schmitt, Eric; King, Angus; Vance, J.D. (James); Rounds, Mike; Casey, Bob; Graham, Lindsey; Cotton, Tom; Murray, Patty; Hassan, Maggie; Cortez Masto, Catherine; Crapo, Mike; Bennet, Michael; Schatz, Brian; Paul, Rand; Markey, Ed; Tuberville, Tommy; Booker, Cory; Stabenow, Debbie; Wyden, Ron; Durbin, Richard; Collins, Susan; Schumer, Chuck; Reed, Jack; Scott, Tim; Klobuchar, Amy; Kennedy, John Neely; Cardin, Benjamin; Cantwell, Maria; Baldwin, Tammy; Padilla, Alex; Peters, Gary; Hagerty, Bill; Lee, Mike; Welch, Peter; Murkowski, Lisa; Scott, Rick; Kaine, Tim; Hyde-Smith, Cindy; Blumenthal, Richard; Shaheen, Jeanne; Grassley, Chuck; Johnson, Ron; Menendez, Bob; Carper, Thomas; Britt, Katie; Duckworth, Tammy; Tester, Jon; Boozman, John; McConnell, Mitch; Hirono, Mazie; Ossoff, Jon; Brown, Sherrod; Smith, Tina; Rosen, Jacky; Warnock, Raphael; Wicker, Roger; Luján, Ben; Young, Todd; Mullin, Markwayne; Merkley, Jeff; Hoeven, John; Thune, John; Sinema, Kyrsten; Fischer, Deb; Heinrich, Martin; Whitehouse, Sheldon; Ernst, Joni; Murphy, Christopher; Marshall, Roger; Lankford, James; Warner, Mark; Butler, Laphonza; Gillibrand, Kirsten; Kelly, Mark",,"Fetterman, John; Rubio, Marco; Moran, Jerry; Braun, Mike; Blackburn, Marsha; Hawley, Josh; Barrasso, John; Hickenlooper, John; Daines, Steve; Sullivan, Dan; Capito, Shelley; Cornyn, John; Cruz, Ted; Lummis, Cynthia; Cassidy, Bill; Risch, James; Warren, Elizabeth; Romney, Mitt; Budd, Ted; Cramer, Kevin; Manchin, Joe; Tillis, Thom; Ricketts, Pete; Sanders, Bernie"
"On the Nomination PN1257: Lisa W. Wang, of the District of Columbia, to be a Judge of the United States Court of International Trade ","Van Hollen, Chris; Coons, Christopher; Vance, J.D. (James); King, Angus; Fetterman, John; Casey, Bob; Graham, Lindsey; Murray, Patty; Hassan, Maggie; Cortez Masto, Catherine; Bennet, Michael; Schatz, Brian; Hickenlooper, John; Markey, Ed; Booker, Cory; Wyden, Ron; Durbin, Richard; Collins, Susan; Schumer, Chuck; Reed, Jack; Klobuchar, Amy; Cardin, Benjamin; Cantwell, Maria; Baldwin, Tammy; Padilla, Alex; Welch, Peter; Murkowski, Lisa; Kaine, Tim; Blumenthal, Richard; Shaheen, Jeanne; Warren, Elizabeth; Menendez, Bob; Carper, Thomas; Duckworth, Tammy; Tester, Jon; Hirono, Mazie; Ossoff, Jon; Brown, Sherrod; Smith, Tina; Rosen, Jacky; Warnock, Raphael; Luján, Ben; Merkley, Jeff; Manchin, Joe; Sinema, Kyrsten; Heinrich, Martin; Whitehouse, Sheldon; Murphy, Christopher; Sanders, Bernie; Warner, Mark; Butler, Laphonza; Gillibrand, Kirsten; Kelly, Mark","Schmitt, Eric; Rubio, Marco; Rounds, Mike; Moran, Jerry; Cotton, Tom; Braun, Mike; Crapo, Mike; Blackburn, Marsha; Hawley, Josh; Paul, Rand; Johnson, Ron; Tuberville, Tommy; Scott, Tim; Daines, Steve; Sullivan, Dan; Capito, Shelley; Kennedy, John Neely; Cornyn, John; Lee, Mike; Hagerty, Bill; Scott, Rick; Lummis, Cynthia; Hyde-Smith, Cindy; Grassley, Chuck; Risch, James; Cassidy, Bill; Romney, Mitt; Britt, Katie; Budd, Ted; Boozman, John; McConnell, Mitch; Cramer, Kevin; Wicker, Roger; Mullin, Markwayne; Young, Todd; Tillis, Thom; Hoeven, John; Fischer, Deb; Ernst, Joni; Ricketts, Pete; Lankford, James; Thune, John","Cruz, Ted; Marshall, Roger; Barrasso, John; Peters, Gary; Stabenow, Debbie"
"Motion to Invoke Cloture: Joseph Albert Laroski to be a Judge of the U.S. Court of International Trade: Joseph Albert Laroski, Jr., of Maryland, to be a Judge of the United States Court of International Trade ","Braun, Mike; Booker, Cory; Hickenlooper, John; Scott, Tim; Kennedy, John Neely; Cardin, Benjamin; Lee, Mike; Murkowski, Lisa; Cruz, Ted; Kaine, Tim; Hyde-Smith, Cindy; Shaheen, Jeanne; Romney, Mitt; Duckworth, Tammy; Boozman, John; Hirono, Mazie; Ossoff, Jon; Merkley, Jeff; Rosen, Jacky; Wicker, Roger; Manchin, Joe; Fischer, Deb; Heinrich, Martin; Whitehouse, Sheldon; Marshall, Roger; Butler, Laphonza; Van Hollen, Chris; Coons, Christopher; Graham, Lindsey; Hassan, Maggie; Hawley, Josh; Paul, Rand; Markey, Ed; Schumer, Chuck; Collins, Susan; Cantwell, Maria; Welch, Peter; Scott, Rick; Carper, Thomas; Budd, Ted; Brown, Sherrod; Luján, Ben; Thune, John; Young, Todd; Lankford, James; Sanders, Bernie; Schmitt, Eric; Rubio, Marco; Rounds, Mike; Casey, Bob; Moran, Jerry; Cotton, Tom; Cortez Masto, Catherine; Blackburn, Marsha; Bennet, Michael; Wyden, Ron; Durbin, Richard; Daines, Steve; Sullivan, Dan; Baldwin, Tammy; Padilla, Alex; Hagerty, Bill; Warren, Elizabeth; Menendez, Bob; Tester, Jon; McConnell, Mitch; Smith, Tina; Cramer, Kevin; Mullin, Markwayne; Hoeven, John; Ernst, Joni; Murphy, Christopher; Warner, Mark; Kelly, Mark; Fetterman, John; Vance, J.D. (James); King, Angus; Murray, Patty; Crapo, Mike; Schatz, Brian; Johnson, Ron; Tuberville, Tommy; Reed, Jack; Klobuchar, Amy; Capito, Shelley; Cornyn, John; Lummis, Cynthia; Blumenthal, Richard; Grassley, Chuck; Risch, James; Cassidy, Bill; Britt, Katie; Warnock, Raphael; Tillis, Thom; Sinema, Kyrsten; Ricketts, Pete; Gillibrand, Kirsten",,"Peters, Gary; Stabenow, Debbie; Barrasso, John"
"Motion to Invoke Cloture: Lisa W. Wang to be a Judge of the U.S. Court of International Trade: Lisa W. Wang, of the District of Columbia, to be a Judge of the United States Court of International Trade ","Van Hollen, Chris; Coons, Christopher; Vance, J.D. (James); King, Angus; Fetterman, John; Casey, Bob; Graham, Lindsey; Murray, Patty; Hassan, Maggie; Cortez Masto, Catherine; Bennet, Michael; Schatz, Brian; Hickenlooper, John; Markey, Ed; Booker, Cory; Wyden, Ron; Durbin, Richard; Collins, Susan; Schumer, Chuck; Reed, Jack; Klobuchar, Amy; Cardin, Benjamin; Cantwell, Maria; Baldwin, Tammy; Padilla, Alex; Welch, Peter; Murkowski, Lisa; Kaine, Tim; Blumenthal, Richard; Shaheen, Jeanne; Warren, Elizabeth; Menendez, Bob; Carper, Thomas; Duckworth, Tammy; Tester, Jon; Hirono, Mazie; Ossoff, Jon; Brown, Sherrod; Smith, Tina; Rosen, Jacky; Warnock, Raphael; Luján, Ben; Merkley, Jeff; Manchin, Joe; Sinema, Kyrsten; Heinrich, Martin; Whitehouse, Sheldon; Murphy, Christopher; Sanders, Bernie; Warner, Mark; Butler, Laphonza; Gillibrand, Kirsten; Kelly, Mark","Schmitt, Eric; Rubio, Marco; Rounds, Mike; Moran, Jerry; Cotton, Tom; Braun, Mike; Crapo, Mike; Blackburn, Marsha; Hawley, Josh; Paul, Rand; Johnson, Ron; Tuberville, Tommy; Scott, Tim; Daines, Steve; Sullivan, Dan; Capito, Shelley; Kennedy, John Neely; Cornyn, John; Lee, Mike; Hagerty, Bill; Scott, Rick; Cruz, Ted; Lummis, Cynthia; Hyde-Smith, Cindy; Grassley, Chuck; Risch, James; Cassidy, Bill; Romney, Mitt; Britt, Katie; Budd, Ted; Boozman, John; McConnell, Mitch; Cramer, Kevin; Wicker, Roger; Mullin, Markwayne; Young, Todd; Tillis, Thom; Fischer, Deb; Ernst, Joni; Ricketts, Pete; Marshall, Roger; Lankford, James; Thune, John","Hoeven, John; Peters, Gary; Stabenow, Debbie; Barrasso, John"
"On the Nomination PN119: Joseph Goffman, of Pennsylvania, to be an Assistant Administrator of the Environmental Protection Agency ","Van Hollen, Chris; Coons, Christopher; Fetterman, John; King, Angus; Casey, Bob; Murray, Patty; Hassan, Maggie; Cortez Masto, Catherine; Bennet, Michael; Schatz, Brian; Hickenlooper, John; Markey, Ed; Booker, Cory; Stabenow, Debbie; Wyden, Ron; Durbin, Richard; Schumer, Chuck; Reed, Jack; Klobuchar, Amy; Cardin, Benjamin; Cantwell, Maria; Baldwin, Tammy; Padilla, Alex; Peters, Gary; Welch, Peter; Kaine, Tim; Blumenthal, Richard; Shaheen, Jeanne; Warren, Elizabeth; Menendez, Bob; Carper, Thomas; Duckworth, Tammy; Tester, Jon; Hirono, Mazie; Ossoff, Jon; Brown, Sherrod; Smith, Tina; Rosen, Jacky; Warnock, Raphael; Luján, Ben; Merkley, Jeff; Sinema, Kyrsten; Heinrich, Martin; Whitehouse, Sheldon; Murphy, Christopher; Sanders, Bernie; Warner, Mark; Butler, Laphonza; Gillibrand, Kirsten; Kelly, Mark","Schmitt, Eric; Rubio, Marco; Vance, J.D. (James); Rounds, Mike; Moran, Jerry; Graham, Lindsey; Cotton, Tom; Braun, Mike; Crapo, Mike; Blackburn, Marsha; Hawley, Josh; Paul, Rand; Johnson, Ron; Tuberville, Tommy; Scott, Tim; Collins, Susan; Daines, Steve; Sullivan, Dan; Capito, Shelley; Kennedy, John Neely; Cornyn, John; Lee, Mike; Hagerty, Bill; Murkowski, Lisa; Scott, Rick; Cruz, Ted; Lummis, Cynthia; Hyde-Smith, Cindy; Grassley, Chuck; Risch, James; Cassidy, Bill; Romney, Mitt; Britt, Katie; Budd, Ted; Boozman, John; McConnell, Mitch; Cramer, Kevin; Wicker, Roger; Mullin, Markwayne; Manchin, Joe; Young, Todd; Tillis, Thom; Hoeven, John; Fischer, Deb; Ernst, Joni; Ricketts, Pete; Marshall, Roger; Lankford, James; Thune, John","Barrasso, John"
"Motion to Invoke Cloture: Joseph Goffman to be an Assistant Administrator of the Environmental Protection Agency: Joseph Goffman, of Pennsylvania, to be an Assistant Administrator of the Environmental Protection Agency ","Van Hollen, Chris; Coons, Christopher; Fetterman, John; King, Angus; Casey, Bob; Murray, Patty; Hassan, Maggie; Cortez Masto, Catherine; Bennet, Michael; Schatz, Brian; Hickenlooper, John; Markey, Ed; Booker, Cory; Stabenow, Debbie; Wyden, Ron; Durbin, Richard; Schumer, Chuck; Reed, Jack; Klobuchar, Amy; Cardin, Benjamin; Cantwell, Maria; Baldwin, Tammy; Padilla, Alex; Peters, Gary; Welch, Peter; Kaine, Tim; Blumenthal, Richard; Shaheen, Jeanne; Warren, Elizabeth; Menendez, Bob; Carper, Thomas; Duckworth, Tammy; Tester, Jon; Hirono, Mazie; Ossoff, Jon; Brown, Sherrod; Smith, Tina; Rosen, Jacky; Warnock, Raphael; Luján, Ben; Merkley, Jeff; Sinema, Kyrsten; Heinrich, Martin; Whitehouse, Sheldon; Murphy, Christopher; Sanders, Bernie; Warner, Mark; Butler, Laphonza; Gillibrand, Kirsten; Kelly, Mark","Schmitt, Eric; Rubio, Marco; Vance, J.D. (James); Rounds, Mike; Moran, Jerry; Graham, Lindsey; Cotton, Tom; Braun, Mike; Crapo, Mike; Blackburn, Marsha; Hawley, Josh; Paul, Rand; Johnson, Ron; Tuberville, Tommy; Scott, Tim; Collins, Susan; Daines, Steve; Sullivan, Dan; Capito, Shelley; Kennedy, John Neely; Cornyn, John; Lee, Mike; Hagerty, Bill; Murkowski, Lisa; Scott, Rick; Cruz, Ted; Lummis, Cynthia; Hyde-Smith, Cindy; Grassley, Chuck; Risch, James; Cassidy, Bill; Romney, Mitt; Britt, Katie; Budd, Ted; Boozman, John; McConnell, Mitch; Cramer, Kevin; Wicker, Roger; Mullin, Markwayne; Manchin, Joe; Young, Todd; Tillis, Thom; Hoeven, John; Fischer, Deb; Ernst, Joni; Ricketts, Pete; Marshall, Roger; Lankford, James; Thune, John","Barrasso, John"
"On the Nomination PN816: Karoline Mehalchick, of Pennsylvania, to be United States District Judge for the Middle District of Pennsylvania ","Van Hollen, Chris; Coons, Christopher; Fetterman, John; King, Angus; Casey, Bob; Murray, Patty; Hassan, Maggie; Cortez Masto, Catherine; Bennet, Michael; Schatz, Brian; Hickenlooper, John; Markey, Ed; Booker, Cory; Stabenow, Debbie; Wyden, Ron; Durbin, Richard; Schumer, Chuck; Reed, Jack; Klobuchar, Amy; Cardin, Benjamin; Cantwell, Maria; Baldwin, Tammy; Padilla, Alex; Peters, Gary; Welch, Peter; Kaine, Tim; Blumenthal, Richard; Shaheen, Jeanne; Warren, Elizabeth; Menendez, Bob; Carper, Thomas; Duckworth, Tammy; Tester, Jon; Hirono, Mazie; Ossoff, Jon; Brown, Sherrod; Smith, Tina; Rosen, Jacky; Warnock, Raphael; Luján, Ben; Merkley, Jeff; Sinema, Kyrsten; Heinrich, Martin; Whitehouse, Sheldon; Murphy, Christopher; Sanders, Bernie; Warner, Mark; Butler, Laphonza; Gillibrand, Kirsten; Kelly, Mark","Schmitt, Eric; Rubio, Marco; Vance, J.D. (James); Rounds, Mike; Moran, Jerry; Graham, Lindsey; Cotton, Tom; Braun, Mike; Crapo, Mike; Blackburn, Marsha; Hawley, Josh; Paul, Rand; Johnson, Ron; Tuberville, Tommy; Scott, Tim; Collins, Susan; Daines, Steve; Sullivan, Dan; Capito, Shelley; Kennedy, John Neely; Cornyn, John; Lee, Mike; Hagerty, Bill; Murkowski, Lisa; Scott, Rick; Cruz, Ted; Lummis, Cynthia; Hyde-Smith, Cindy; Grassley, Chuck; Risch, James; Cassidy, Bill; Romney, Mitt; Britt, Katie; Budd, Ted; Boozman, John; McConnell, Mitch; Cramer, Kevin; Wicker, Roger; Mullin, Markwayne; Manchin, Joe; Young, Todd; Tillis, Thom; Hoeven, John; Fischer, Deb; Ernst, Joni; Ricketts, Pete; Marshall, Roger; Lankford, James; Thune, John","Barrasso, John"
"Motion to Invoke Cloture: Karoline Mehalchick to be U.S. District Judge for the Middle District of Pennsylvania: Karoline Mehalchick, of Pennsylvania, to be United States District Judge for the Middle District of Pennsylvania ","Van Hollen, Chris; Coons, Christopher; Fetterman, John; King, Angus; Casey, Bob; Murray, Patty; Hassan, Maggie; Cortez Masto, Catherine; Bennet, Michael; Schatz, Brian; Hickenlooper, John; Markey, Ed; Booker, Cory; Stabenow, Debbie; Wyden, Ron; Durbin, Richard; Schumer, Chuck; Reed, Jack; Klobuchar, Amy; Cardin, Benjamin; Cantwell, Maria; Baldwin, Tammy; Padilla, Alex; Peters, Gary; Welch, Peter; Kaine, Tim; Blumenthal, Richard; Shaheen, Jeanne; Warren, Elizabeth; Menendez, Bob; Carper, Thomas; Duckworth, Tammy; Tester, Jon; Hirono, Mazie; Ossoff, Jon; Brown, Sherrod; Smith, Tina; Rosen, Jacky; Warnock, Raphael; Luján, Ben; Merkley, Jeff; Sinema, Kyrsten; Heinrich, Martin; Whitehouse, Sheldon; Murphy, Christopher; Sanders, Bernie; Warner, Mark; Butler, Laphonza; Gillibrand, Kirsten; Kelly, Mark","Schmitt, Eric; Rubio, Marco; Vance, J.D. (James); Rounds, Mike; Moran, Jerry; Graham, Lindsey; Cotton, Tom; Braun, Mike; Crapo, Mike; Blackburn, Marsha; Hawley, Josh; Paul, Rand; Johnson, Ron; Tuberville, Tommy; Scott, Tim; Collins, Susan; Daines, Steve; Sullivan, Dan; Capito, Shelley; Kennedy, John Neely; Cornyn, John; Lee, Mike; Hagerty, Bill; Murkowski, Lisa; Scott, Rick; Cruz, Ted; Lummis, Cynthia; Hyde-Smith, Cindy; Grassley, Chuck; Risch, James; Cassidy, Bill; Romney, Mitt; Britt, Katie; Budd, Ted; Boozman, John; McConnell, Mitch; Cramer, Kevin; Wicker, Roger; Mullin, Markwayne; Manchin, Joe; Young, Todd; Tillis, Thom; Hoeven, John; Fischer, Deb; Ernst, Joni; Ricketts, Pete; Marshall, Roger; Lankford, James; Thune, John","Barrasso, John"
"On the Nomination PN1255: Kirk Edward Sherriff, of California, to be United States District Judge for the Eastern District of California ","Van Hollen, Chris; Coons, Christopher; Fetterman, John; King, Angus; Casey, Bob; Graham, Lindsey; Murray, Patty; Hassan, Maggie; Cortez Masto, Catherine; Bennet, Michael; Schatz, Brian; Hickenlooper, John; Markey, Ed; Booker, Cory; Stabenow, Debbie; Wyden, Ron; Durbin, Richard; Collins, Susan; Schumer, Chuck; Reed, Jack; Klobuchar, Amy; Cardin, Benjamin; Cantwell, Maria; Baldwin, Tammy; Padilla, Alex; Peters, Gary; Welch, Peter; Murkowski, Lisa; Kaine, Tim; Blumenthal, Richard; Shaheen, Jeanne; Warren, Elizabeth; Menendez, Bob; Carper, Thomas; Duckworth, Tammy; Tester, Jon; Hirono, Mazie; Ossoff, Jon; Brown, Sherrod; Smith, Tina; Rosen, Jacky; Warnock, Raphael; Luján, Ben; Merkley, Jeff; Manchin, Joe; Sinema, Kyrsten; Heinrich, Martin; Whitehouse, Sheldon; Murphy, Christopher; Sanders, Bernie; Warner, Mark; Butler, Laphonza; Gillibrand, Kirsten; Kelly, Mark","Schmitt, Eric; Rubio, Marco; Vance, J.D. (James); Rounds, Mike; Moran, Jerry; Cotton, Tom; Braun, Mike; Crapo, Mike; Blackburn, Marsha; Hawley, Josh; Paul, Rand; Johnson, Ron; Tuberville, Tommy; Scott, Tim; Daines, Steve; Sullivan, Dan; Capito, Shelley; Kennedy, John Neely; Cornyn, John; Lee, Mike; Hagerty, Bill; Scott, Rick; Cruz, Ted; Lummis, Cynthia; Hyde-Smith, Cindy; Grassley, Chuck; Risch, James; Cassidy, Bill; Romney, Mitt; Britt, Katie; Budd, Ted; Boozman, John; McConnell, Mitch; Cramer, Kevin; Wicker, Roger; Mullin, Markwayne; Young, Todd; Tillis, Thom; Hoeven, John; Fischer, Deb; Ernst, Joni; Ricketts, Pete; Marshall, Roger; Lankford, James; Thune, John","Barrasso, John"
"On the Nomination PN1246: Joshua Paul Kolar, of Indiana, to be United States Circuit Judge for the Seventh Circuit ","Van Hollen, Chris; Coons, Christopher; King, Angus; Rounds, Mike; Casey, Bob; Moran, Jerry; Murray, Patty; Hassan, Maggie; Cortez Masto, Catherine; Braun, Mike; Bennet, Michael; Schatz, Brian; Hickenlooper, John; Markey, Ed; Booker, Cory; Stabenow, Debbie; Wyden, Ron; Durbin, Richard; Collins, Susan; Schumer, Chuck; Reed, Jack; Klobuchar, Amy; Capito, Shelley; Kennedy, John Neely; Cornyn, John; Cardin, Benjamin; Cantwell, Maria; Baldwin, Tammy; Padilla, Alex; Peters, Gary; Welch, Peter; Murkowski, Lisa; Kaine, Tim; Blumenthal, Richard; Shaheen, Jeanne; Grassley, Chuck; Cassidy, Bill; Warren, Elizabeth; Menendez, Bob; Carper, Thomas; Duckworth, Tammy; Romney, Mitt; Tester, Jon; Hirono, Mazie; Ossoff, Jon; Brown, Sherrod; Smith, Tina; Rosen, Jacky; Warnock, Raphael; Luján, Ben; Cramer, Kevin; Young, Todd; Tillis, Thom; Mullin, Markwayne; Merkley, Jeff; Thune, John; Sinema, Kyrsten; Heinrich, Martin; Whitehouse, Sheldon; Ernst, Joni; Murphy, Christopher; Sanders, Bernie; Warner, Mark; Butler, Laphonza; Gillibrand, Kirsten; Kelly, Mark","Schmitt, Eric; Rubio, Marco; Vance, J.D. (James); Cotton, Tom; Blackburn, Marsha; Hawley, Josh; Paul, Rand; Tuberville, Tommy; Daines, Steve; Sullivan, Dan; Hagerty, Bill; Scott, Rick; Cruz, Ted; Lummis, Cynthia; Hyde-Smith, Cindy; Britt, Katie; Budd, Ted; Boozman, John; McConnell, Mitch; Wicker, Roger; Hoeven, John; Fischer, Deb; Ricketts, Pete; Marshall, Roger; Lankford, James","Manchin, Joe; Fetterman, John; Graham, Lindsey; Risch, James; Crapo, Mike; Barrasso, John; Johnson, Ron; Lee, Mike; Scott, Tim"
"Motion to Invoke Cloture: Joshua Paul Kolar to be U.S. Circuit Judge for the Seventh Circuit: Joshua Paul Kolar, of Indiana, to be United States Circuit Judge for the Seventh Circuit ","Van Hollen, Chris; Coons, Christopher; Fetterman, John; King, Angus; Rounds, Mike; Casey, Bob; Moran, Jerry; Graham, Lindsey; Murray, Patty; Hassan, Maggie; Cortez Masto, Catherine; Braun, Mike; Bennet, Michael; Schatz, Brian; Hickenlooper, John; Markey, Ed; Booker, Cory; Stabenow, Debbie; Wyden, Ron; Durbin, Richard; Collins, Susan; Schumer, Chuck; Reed, Jack; Capito, Shelley; Kennedy, John Neely; Cornyn, John; Cardin, Benjamin; Cantwell, Maria; Padilla, Alex; Peters, Gary; Welch, Peter; Murkowski, Lisa; Kaine, Tim; Blumenthal, Richard; Shaheen, Jeanne; Grassley, Chuck; Cassidy, Bill; Warren, Elizabeth; Menendez, Bob; Carper, Thomas; Duckworth, Tammy; Romney, Mitt; Tester, Jon; Hirono, Mazie; Ossoff, Jon; Brown, Sherrod; Luján, Ben; Rosen, Jacky; Warnock, Raphael; Cramer, Kevin; Mullin, Markwayne; Young, Todd; Tillis, Thom; Merkley, Jeff; Thune, John; Manchin, Joe; Sinema, Kyrsten; Heinrich, Martin; Whitehouse, Sheldon; Ernst, Joni; Murphy, Christopher; Sanders, Bernie; Warner, Mark; Butler, Laphonza; Gillibrand, Kirsten; Kelly, Mark","Schmitt, Eric; Rubio, Marco; Vance, J.D. (James); Cotton, Tom; Crapo, Mike; Blackburn, Marsha; Hawley, Josh; Paul, Rand; Johnson, Ron; Tuberville, Tommy; Scott, Tim; Daines, Steve; Sullivan, Dan; Lee, Mike; Hagerty, Bill; Scott, Rick; Cruz, Ted; Lummis, Cynthia; Hyde-Smith, Cindy; Risch, James; Britt, Katie; Budd, Ted; Boozman, John; McConnell, Mitch; Wicker, Roger; Hoeven, John; Fischer, Deb; Ricketts, Pete; Lankford, James","Smith, Tina; Klobuchar, Amy; Baldwin, Tammy; Marshall, Roger; Barrasso, John"
"Motion to Invoke Cloture: Kirk Edward Sherriff to be U.S. District Judge for the Eastern District of California: Kirk Edward Sherriff, of California, to be United States District Judge for the Eastern District of California ","Van Hollen, Chris; Coons, Christopher; Fetterman, John; King, Angus; Casey, Bob; Graham, Lindsey; Murray, Patty; Hassan, Maggie; Cortez Masto, Catherine; Bennet, Michael; Schatz, Brian; Hickenlooper, John; Markey, Ed; Booker, Cory; Stabenow, Debbie; Wyden, Ron; Durbin, Richard; Collins, Susan; Schumer, Chuck; Reed, Jack; Cardin, Benjamin; Cantwell, Maria; Padilla, Alex; Peters, Gary; Welch, Peter; Murkowski, Lisa; Kaine, Tim; Blumenthal, Richard; Shaheen, Jeanne; Warren, Elizabeth; Menendez, Bob; Carper, Thomas; Duckworth, Tammy; Tester, Jon; Hirono, Mazie; Ossoff, Jon; Brown, Sherrod; Luján, Ben; Rosen, Jacky; Warnock, Raphael; Merkley, Jeff; Manchin, Joe; Sinema, Kyrsten; Heinrich, Martin; Whitehouse, Sheldon; Murphy, Christopher; Sanders, Bernie; Warner, Mark; Butler, Laphonza; Gillibrand, Kirsten; Kelly, Mark","Schmitt, Eric; Rubio, Marco; Vance, J.D. (James); Rounds, Mike; Moran, Jerry; Cotton, Tom; Braun, Mike; Crapo, Mike; Blackburn, Marsha; Hawley, Josh; Paul, Rand; Johnson, Ron; Tuberville, Tommy; Scott, Tim; Daines, Steve; Sullivan, Dan; Capito, Shelley; Cornyn, John; Lee, Mike; Hagerty, Bill; Scott, Rick; Cruz, Ted; Lummis, Cynthia; Hyde-Smith, Cindy; Grassley, Chuck; Risch, James; Romney, Mitt; Britt, Katie; Budd, Ted; Boozman, John; McConnell, Mitch; Cramer, Kevin; Wicker, Roger; Mullin, Markwayne; Young, Todd; Tillis, Thom; Hoeven, John; Fischer, Deb; Ernst, Joni; Ricketts, Pete; Lankford, James; Thune, John","Smith, Tina; Klobuchar, Amy; Kennedy, John Neely; Cassidy, Bill; Baldwin, Tammy; Marshall, Roger; Barrasso, John"
"On the Nomination PN1250: Gretchen S. Lund, of Indiana, to be United States District Judge for the Northern District of Indiana ","Braun, Mike; Booker, Cory; Hickenlooper, John; Scott, Tim; Cardin, Benjamin; Lee, Mike; Murkowski, Lisa; Cruz, Ted; Kaine, Tim; Hyde-Smith, Cindy; Shaheen, Jeanne; Romney, Mitt; Duckworth, Tammy; Boozman, John; Hirono, Mazie; Ossoff, Jon; Merkley, Jeff; Rosen, Jacky; Wicker, Roger; Manchin, Joe; Fischer, Deb; Heinrich, Martin; Whitehouse, Sheldon; Butler, Laphonza; Van Hollen, Chris; Coons, Christopher; Graham, Lindsey; Hassan, Maggie; Paul, Rand; Markey, Ed; Stabenow, Debbie; Schumer, Chuck; Collins, Susan; Cantwell, Maria; Peters, Gary; Welch, Peter; Carper, Thomas; Budd, Ted; Brown, Sherrod; Luján, Ben; Young, Todd; Lankford, James; Sanders, Bernie; Rubio, Marco; Rounds, Mike; Casey, Bob; Moran, Jerry; Cotton, Tom; Cortez Masto, Catherine; Blackburn, Marsha; Bennet, Michael; Wyden, Ron; Durbin, Richard; Daines, Steve; Padilla, Alex; Hagerty, Bill; Warren, Elizabeth; Menendez, Bob; Tester, Jon; McConnell, Mitch; Cramer, Kevin; Mullin, Markwayne; Hoeven, John; Ernst, Joni; Murphy, Christopher; Warner, Mark; Kelly, Mark; Gillibrand, Kirsten; Fetterman, John; Vance, J.D. (James); King, Angus; Murray, Patty; Crapo, Mike; Schatz, Brian; Johnson, Ron; Reed, Jack; Capito, Shelley; Cornyn, John; Lummis, Cynthia; Blumenthal, Richard; Grassley, Chuck; Risch, James; Warnock, Raphael; Tillis, Thom; Sinema, Kyrsten; Ricketts, Pete; Thune, John","Scott, Rick; Britt, Katie; Schmitt, Eric; Sullivan, Dan; Hawley, Josh; Tuberville, Tommy","Smith, Tina; Klobuchar, Amy; Kennedy, John Neely; Cassidy, Bill; Baldwin, Tammy; Marshall, Roger; Barrasso, John"
"On the Nomination PN1242: Cristal C. Brisco, of Indiana, to be United States District Judge for the Northern District of Indiana ","Van Hollen, Chris; Coons, Christopher; Fetterman, John; King, Angus; Rounds, Mike; Casey, Bob; Graham, Lindsey; Murray, Patty; Hassan, Maggie; Cortez Masto, Catherine; Braun, Mike; Bennet, Michael; Schatz, Brian; Hickenlooper, John; Markey, Ed; Booker, Cory; Stabenow, Debbie; Wyden, Ron; Durbin, Richard; Collins, Susan; Schumer, Chuck; Reed, Jack; Klobuchar, Amy; Capito, Shelley; Kennedy, John Neely; Cornyn, John; Cardin, Benjamin; Cantwell, Maria; Baldwin, Tammy; Padilla, Alex; Peters, Gary; Welch, Peter; Murkowski, Lisa; Kaine, Tim; Hyde-Smith, Cindy; Blumenthal, Richard; Shaheen, Jeanne; Cassidy, Bill; Warren, Elizabeth; Menendez, Bob; Carper, Thomas; Duckworth, Tammy; Romney, Mitt; Tester, Jon; McConnell, Mitch; Hirono, Mazie; Ossoff, Jon; Brown, Sherrod; Smith, Tina; Rosen, Jacky; Warnock, Raphael; Luján, Ben; Cramer, Kevin; Young, Todd; Tillis, Thom; Merkley, Jeff; Manchin, Joe; Sinema, Kyrsten; Heinrich, Martin; Whitehouse, Sheldon; Murphy, Christopher; Lankford, James; Sanders, Bernie; Warner, Mark; Butler, Laphonza; Gillibrand, Kirsten; Kelly, Mark","Schmitt, Eric; Rubio, Marco; Vance, J.D. (James); Moran, Jerry; Cotton, Tom; Crapo, Mike; Blackburn, Marsha; Hawley, Josh; Paul, Rand; Johnson, Ron; Tuberville, Tommy; Scott, Tim; Daines, Steve; Sullivan, Dan; Lee, Mike; Hagerty, Bill; Scott, Rick; Cruz, Ted; Lummis, Cynthia; Grassley, Chuck; Risch, James; Britt, Katie; Budd, Ted; Boozman, John; Wicker, Roger; Mullin, Markwayne; Hoeven, John; Fischer, Deb; Ernst, Joni; Ricketts, Pete; Marshall, Roger; Thune, John","Barrasso, John"
"On the Nomination PN1130: Jacquelyn D. Austin, of South Carolina, to be United States District Judge for the District of South Carolina ","Booker, Cory; Hickenlooper, John; Scott, Tim; Kennedy, John Neely; Cardin, Benjamin; Lee, Mike; Murkowski, Lisa; Cruz, Ted; Kaine, Tim; Hyde-Smith, Cindy; Shaheen, Jeanne; Romney, Mitt; Duckworth, Tammy; Boozman, John; Hirono, Mazie; Ossoff, Jon; Merkley, Jeff; Rosen, Jacky; Wicker, Roger; Manchin, Joe; Fischer, Deb; Heinrich, Martin; Whitehouse, Sheldon; Butler, Laphonza; Van Hollen, Chris; Coons, Christopher; Graham, Lindsey; Hassan, Maggie; Markey, Ed; Stabenow, Debbie; Schumer, Chuck; Collins, Susan; Cantwell, Maria; Peters, Gary; Welch, Peter; Carper, Thomas; Budd, Ted; Brown, Sherrod; Luján, Ben; Young, Todd; Lankford, James; Rubio, Marco; Rounds, Mike; Casey, Bob; Moran, Jerry; Cotton, Tom; Cortez Masto, Catherine; Bennet, Michael; Wyden, Ron; Durbin, Richard; Daines, Steve; Baldwin, Tammy; Padilla, Alex; Warren, Elizabeth; Menendez, Bob; Tester, Jon; McConnell, Mitch; Smith, Tina; Cramer, Kevin; Mullin, Markwayne; Ernst, Joni; Murphy, Christopher; Warner, Mark; Fetterman, John; King, Angus; Murray, Patty; Schatz, Brian; Reed, Jack; Klobuchar, Amy; Capito, Shelley; Cornyn, John; Lummis, Cynthia; Blumenthal, Richard; Grassley, Chuck; Cassidy, Bill; Warnock, Raphael; Tillis, Thom; Sinema, Kyrsten; Ricketts, Pete; Gillibrand, Kirsten","Scott, Rick; Schmitt, Eric; Sullivan, Dan; Vance, J.D. (James); Hawley, Josh; Hoeven, John; Johnson, Ron; Risch, James; Hagerty, Bill; Braun, Mike; Crapo, Mike; Marshall, Roger; Blackburn, Marsha; Britt, Katie; Paul, Rand; Thune, John; Tuberville, Tommy","Kelly, Mark; Sanders, Bernie; Barrasso, John"
"Motion to Invoke Cloture: Cristal C. Brisco to be U.S. District Judge for the Northern District of Indiana: Cristal C. Brisco, of Indiana, to be United States District Judge for the Northern District of Indiana ","Van Hollen, Chris; Coons, Christopher; Rubio, Marco; King, Angus; Fetterman, John; Rounds, Mike; Casey, Bob; Graham, Lindsey; Murray, Patty; Hassan, Maggie; Cortez Masto, Catherine; Braun, Mike; Bennet, Michael; Schatz, Brian; Hickenlooper, John; Markey, Ed; Booker, Cory; Stabenow, Debbie; Wyden, Ron; Durbin, Richard; Collins, Susan; Schumer, Chuck; Reed, Jack; Klobuchar, Amy; Capito, Shelley; Kennedy, John Neely; Cornyn, John; Cardin, Benjamin; Cantwell, Maria; Baldwin, Tammy; Padilla, Alex; Peters, Gary; Welch, Peter; Murkowski, Lisa; Kaine, Tim; Hyde-Smith, Cindy; Blumenthal, Richard; Shaheen, Jeanne; Cassidy, Bill; Warren, Elizabeth; Menendez, Bob; Carper, Thomas; Duckworth, Tammy; Romney, Mitt; Tester, Jon; McConnell, Mitch; Hirono, Mazie; Ossoff, Jon; Brown, Sherrod; Smith, Tina; Rosen, Jacky; Warnock, Raphael; Luján, Ben; Cramer, Kevin; Young, Todd; Tillis, Thom; Mullin, Markwayne; Merkley, Jeff; Manchin, Joe; Sinema, Kyrsten; Heinrich, Martin; Whitehouse, Sheldon; Murphy, Christopher; Lankford, James; Sanders, Bernie; Warner, Mark; Butler, Laphonza; Gillibrand, Kirsten","Schmitt, Eric; Vance, J.D. (James); Moran, Jerry; Cotton, Tom; Crapo, Mike; Blackburn, Marsha; Hawley, Josh; Paul, Rand; Johnson, Ron; Tuberville, Tommy; Daines, Steve; Sullivan, Dan; Lee, Mike; Hagerty, Bill; Scott, Rick; Cruz, Ted; Lummis, Cynthia; Grassley, Chuck; Risch, James; Britt, Katie; Budd, Ted; Boozman, John; Wicker, Roger; Hoeven, John; Fischer, Deb; Ernst, Joni; Ricketts, Pete; Marshall, Roger; Thune, John","Kelly, Mark; Barrasso, John; Scott, Tim"
"Motion to Invoke Cloture: Jacquelyn D. Austin to be U.S. District Judge for the District of South Carolina: Jacquelyn D. Austin, of South Carolina, to be United States District Judge for the District of South Carolina ","Booker, Cory; Hickenlooper, John; Kennedy, John Neely; Cardin, Benjamin; Lee, Mike; Murkowski, Lisa; Cruz, Ted; Kaine, Tim; Hyde-Smith, Cindy; Shaheen, Jeanne; Romney, Mitt; Duckworth, Tammy; Boozman, John; Hirono, Mazie; Ossoff, Jon; Merkley, Jeff; Rosen, Jacky; Manchin, Joe; Wicker, Roger; Fischer, Deb; Heinrich, Martin; Whitehouse, Sheldon; Butler, Laphonza; Van Hollen, Chris; Coons, Christopher; Graham, Lindsey; Hassan, Maggie; Markey, Ed; Stabenow, Debbie; Schumer, Chuck; Collins, Susan; Cantwell, Maria; Peters, Gary; Welch, Peter; Carper, Thomas; Budd, Ted; Brown, Sherrod; Luján, Ben; Young, Todd; Lankford, James; Rubio, Marco; Rounds, Mike; Casey, Bob; Moran, Jerry; Cotton, Tom; Cortez Masto, Catherine; Bennet, Michael; Wyden, Ron; Durbin, Richard; Daines, Steve; Baldwin, Tammy; Padilla, Alex; Warren, Elizabeth; Menendez, Bob; Tester, Jon; McConnell, Mitch; Smith, Tina; Cramer, Kevin; Mullin, Markwayne; Ernst, Joni; Murphy, Christopher; Warner, Mark; Fetterman, John; King, Angus; Murray, Patty; Schatz, Brian; Johnson, Ron; Reed, Jack; Klobuchar, Amy; Capito, Shelley; Cornyn, John; Lummis, Cynthia; Blumenthal, Richard; Grassley, Chuck; Warnock, Raphael; Tillis, Thom; Sinema, Kyrsten; Ricketts, Pete; Gillibrand, Kirsten","Scott, Rick; Schmitt, Eric; Sullivan, Dan; Vance, J.D. (James); Hawley, Josh; Hoeven, John; Cassidy, Bill; Risch, James; Hagerty, Bill; Braun, Mike; Crapo, Mike; Marshall, Roger; Blackburn, Marsha; Britt, Katie; Paul, Rand; Thune, John; Tuberville, Tommy","Kelly, Mark; Sanders, Bernie; Barrasso, John; Scott, Tim"
"On the Nomination PN13: Joel Matthew Szabat, of Maryland, to be a Director of the Amtrak Board of Directors for a term of five years ","Braun, Mike; Booker, Cory; Hickenlooper, John; Kennedy, John Neely; Cardin, Benjamin; Lee, Mike; Murkowski, Lisa; Cruz, Ted; Kaine, Tim; Hyde-Smith, Cindy; Shaheen, Jeanne; Romney, Mitt; Duckworth, Tammy; Boozman, John; Hirono, Mazie; Ossoff, Jon; Merkley, Jeff; Rosen, Jacky; Wicker, Roger; Manchin, Joe; Fischer, Deb; Heinrich, Martin; Whitehouse, Sheldon; Marshall, Roger; Butler, Laphonza; Van Hollen, Chris; Coons, Christopher; Graham, Lindsey; Hassan, Maggie; Barrasso, John; Hawley, Josh; Markey, Ed; Stabenow, Debbie; Schumer, Chuck; Collins, Susan; Cantwell, Maria; Peters, Gary; Welch, Peter; Scott, Rick; Carper, Thomas; Budd, Ted; Brown, Sherrod; Luján, Ben; Thune, John; Young, Todd; Lankford, James; Sanders, Bernie; Schmitt, Eric; Rubio, Marco; Rounds, Mike; Casey, Bob; Moran, Jerry; Cotton, Tom; Cortez Masto, Catherine; Blackburn, Marsha; Bennet, Michael; Wyden, Ron; Durbin, Richard; Daines, Steve; Sullivan, Dan; Baldwin, Tammy; Padilla, Alex; Hagerty, Bill; Warren, Elizabeth; Menendez, Bob; Tester, Jon; McConnell, Mitch; Smith, Tina; Cramer, Kevin; Mullin, Markwayne; Hoeven, John; Ernst, Joni; Murphy, Christopher; Warner, Mark; Fetterman, John; Vance, J.D. (James); King, Angus; Murray, Patty; Crapo, Mike; Schatz, Brian; Johnson, Ron; Tuberville, Tommy; Reed, Jack; Klobuchar, Amy; Capito, Shelley; Cornyn, John; Lummis, Cynthia; Blumenthal, Richard; Grassley, Chuck; Risch, James; Cassidy, Bill; Britt, Katie; Warnock, Raphael; Sinema, Kyrsten; Ricketts, Pete; Gillibrand, Kirsten","Paul, Rand","Kelly, Mark; Tillis, Thom; Scott, Tim"
"On the Nomination PN14: Anthony Rosario Coscia, of New Jersey, to be a Director of the Amtrak Board of Directors for a term of five years ","Booker, Cory; Hickenlooper, John; Kennedy, John Neely; Cardin, Benjamin; Murkowski, Lisa; Cruz, Ted; Kaine, Tim; Hyde-Smith, Cindy; Shaheen, Jeanne; Romney, Mitt; Duckworth, Tammy; Boozman, John; Hirono, Mazie; Ossoff, Jon; Merkley, Jeff; Rosen, Jacky; Manchin, Joe; Wicker, Roger; Fischer, Deb; Heinrich, Martin; Whitehouse, Sheldon; Butler, Laphonza; Van Hollen, Chris; Coons, Christopher; Graham, Lindsey; Hassan, Maggie; Barrasso, John; Markey, Ed; Stabenow, Debbie; Schumer, Chuck; Collins, Susan; Cantwell, Maria; Peters, Gary; Welch, Peter; Carper, Thomas; Brown, Sherrod; Luján, Ben; Young, Todd; Lankford, James; Sanders, Bernie; Rounds, Mike; Casey, Bob; Moran, Jerry; Cotton, Tom; Cortez Masto, Catherine; Bennet, Michael; Wyden, Ron; Durbin, Richard; Sullivan, Dan; Baldwin, Tammy; Padilla, Alex; Warren, Elizabeth; Menendez, Bob; Tester, Jon; McConnell, Mitch; Smith, Tina; Cramer, Kevin; Mullin, Markwayne; Ernst, Joni; Murphy, Christopher; Warner, Mark; Gillibrand, Kirsten; Fetterman, John; King, Angus; Murray, Patty; Schatz, Brian; Reed, Jack; Klobuchar, Amy; Capito, Shelley; Cornyn, John; Lummis, Cynthia; Blumenthal, Richard; Grassley, Chuck; Britt, Katie; Warnock, Raphael; Tillis, Thom; Sinema, Kyrsten; Ricketts, Pete; Thune, John","Scott, Rick; Schmitt, Eric; Daines, Steve; Rubio, Marco; Vance, J.D. (James); Hoeven, John; Johnson, Ron; Cassidy, Bill; Risch, James; Hagerty, Bill; Braun, Mike; Crapo, Mike; Marshall, Roger; Blackburn, Marsha; Hawley, Josh; Paul, Rand; Lee, Mike; Tuberville, Tommy","Budd, Ted; Kelly, Mark; Scott, Tim"
"Motion to Invoke Cloture: Anthony Rosario Coscia to be a Director of the Amtrak Board of Directors: Anthony Rosario Coscia, of New Jersey, to be a Director of the Amtrak Board of Directors for a term of five years ","Booker, Cory; Hickenlooper, John; Kennedy, John Neely; Cardin, Benjamin; Murkowski, Lisa; Cruz, Ted; Kaine, Tim; Hyde-Smith, Cindy; Shaheen, Jeanne; Romney, Mitt; Duckworth, Tammy; Boozman, John; Hirono, Mazie; Ossoff, Jon; Merkley, Jeff; Rosen, Jacky; Manchin, Joe; Wicker, Roger; Fischer, Deb; Heinrich, Martin; Whitehouse, Sheldon; Butler, Laphonza; Van Hollen, Chris; Coons, Christopher; Graham, Lindsey; Hassan, Maggie; Barrasso, John; Markey, Ed; Stabenow, Debbie; Schumer, Chuck; Collins, Susan; Cantwell, Maria; Peters, Gary; Welch, Peter; Carper, Thomas; Brown, Sherrod; Luján, Ben; Young, Todd; Lankford, James; Sanders, Bernie; Rounds, Mike; Casey, Bob; Moran, Jerry; Cotton, Tom; Cortez Masto, Catherine; Bennet, Michael; Wyden, Ron; Durbin, Richard; Baldwin, Tammy; Padilla, Alex; Warren, Elizabeth; Menendez, Bob; Tester, Jon; McConnell, Mitch; Smith, Tina; Cramer, Kevin; Mullin, Markwayne; Ernst, Joni; Murphy, Christopher; Warner, Mark; Gillibrand, Kirsten; Fetterman, John; King, Angus; Murray, Patty; Schatz, Brian; Reed, Jack; Klobuchar, Amy; Capito, Shelley; Cornyn, John; Lummis, Cynthia; Blumenthal, Richard; Grassley, Chuck; Cassidy, Bill; Britt, Katie; Warnock, Raphael; Tillis, Thom; Sinema, Kyrsten; Ricketts, Pete; Thune, John","Schmitt, Eric; Rubio, Marco; Vance, J.D. (James); Braun, Mike; Crapo, Mike; Blackburn, Marsha; Hawley, Josh; Johnson, Ron; Paul, Rand; Tuberville, Tommy; Daines, Steve; Sullivan, Dan; Lee, Mike; Hagerty, Bill; Scott, Rick; Risch, James; Budd, Ted; Hoeven, John; Marshall, Roger","Kelly, Mark; Scott, Tim"
"On the Nomination PN15: Christopher Koos, of Illinois, to be a Director of the Amtrak Board of Directors for a term of five years ","Booker, Cory; Hickenlooper, John; Kennedy, John Neely; Cardin, Benjamin; Murkowski, Lisa; Cruz, Ted; Kaine, Tim; Hyde-Smith, Cindy; Shaheen, Jeanne; Romney, Mitt; Duckworth, Tammy; Boozman, John; Hirono, Mazie; Ossoff, Jon; Merkley, Jeff; Rosen, Jacky; Wicker, Roger; Manchin, Joe; Fischer, Deb; Heinrich, Martin; Whitehouse, Sheldon; Marshall, Roger; Butler, Laphonza; Van Hollen, Chris; Coons, Christopher; Graham, Lindsey; Hassan, Maggie; Barrasso, John; Markey, Ed; Stabenow, Debbie; Schumer, Chuck; Collins, Susan; Cantwell, Maria; Peters, Gary; Welch, Peter; Carper, Thomas; Budd, Ted; Brown, Sherrod; Luján, Ben; Young, Todd; Lankford, James; Sanders, Bernie; Rubio, Marco; Rounds, Mike; Casey, Bob; Moran, Jerry; Cotton, Tom; Cortez Masto, Catherine; Blackburn, Marsha; Bennet, Michael; Wyden, Ron; Durbin, Richard; Daines, Steve; Sullivan, Dan; Baldwin, Tammy; Padilla, Alex; Hagerty, Bill; Warren, Elizabeth; Menendez, Bob; Tester, Jon; McConnell, Mitch; Smith, Tina; Cramer, Kevin; Mullin, Markwayne; Hoeven, John; Ernst, Joni; Murphy, Christopher; Warner, Mark; Gillibrand, Kirsten; Fetterman, John; Vance, J.D. (James); King, Angus; Murray, Patty; Crapo, Mike; Schatz, Brian; Johnson, Ron; Reed, Jack; Klobuchar, Amy; Capito, Shelley; Cornyn, John; Lummis, Cynthia; Blumenthal, Richard; Grassley, Chuck; Risch, James; Cassidy, Bill; Britt, Katie; Warnock, Raphael; Tillis, Thom; Sinema, Kyrsten; Ricketts, Pete; Thune, John","Scott, Rick; Schmitt, Eric; Braun, Mike; Hawley, Josh; Paul, Rand; Lee, Mike; Tuberville, Tommy","Kelly, Mark; Scott, Tim"
"Motion to Invoke Cloture: Christopher Koos to be a Director of the Amtrak Board of Directors: Christopher Koos, of Illinois, to be a Director of the Amtrak Board of Directors for a term of five years ","Booker, Cory; Hickenlooper, John; Kennedy, John Neely; Cardin, Benjamin; Murkowski, Lisa; Cruz, Ted; Kaine, Tim; Hyde-Smith, Cindy; Shaheen, Jeanne; Romney, Mitt; Duckworth, Tammy; Boozman, John; Hirono, Mazie; Ossoff, Jon; Merkley, Jeff; Rosen, Jacky; Wicker, Roger; Manchin, Joe; Fischer, Deb; Heinrich, Martin; Whitehouse, Sheldon; Marshall, Roger; Butler, Laphonza; Van Hollen, Chris; Coons, Christopher; Hassan, Maggie; Markey, Ed; Schumer, Chuck; Collins, Susan; Cantwell, Maria; Peters, Gary; Carper, Thomas; Budd, Ted; Brown, Sherrod; Luján, Ben; Young, Todd; Lankford, James; Sanders, Bernie; Rubio, Marco; Rounds, Mike; Casey, Bob; Moran, Jerry; Cotton, Tom; Cortez Masto, Catherine; Blackburn, Marsha; Bennet, Michael; Wyden, Ron; Durbin, Richard; Daines, Steve; Baldwin, Tammy; Padilla, Alex; Warren, Elizabeth; Menendez, Bob; Tester, Jon; McConnell, Mitch; Smith, Tina; Mullin, Markwayne; Hoeven, John; Ernst, Joni; Murphy, Christopher; Warner, Mark; Gillibrand, Kirsten; Vance, J.D. (James); King, Angus; Murray, Patty; Crapo, Mike; Schatz, Brian; Johnson, Ron; Reed, Jack; Klobuchar, Amy; Capito, Shelley; Cornyn, John; Lummis, Cynthia; Blumenthal, Richard; Grassley, Chuck; Cassidy, Bill; Britt, Katie; Warnock, Raphael; Tillis, Thom; Sinema, Kyrsten; Ricketts, Pete; Thune, John","Scott, Rick; Schmitt, Eric; Braun, Mike; Hawley, Josh; Paul, Rand; Lee, Mike; Tuberville, Tommy","Cramer, Kevin; Fetterman, John; Sullivan, Dan; Graham, Lindsey; Welch, Peter; Risch, James; Hagerty, Bill; Barrasso, John; Kelly, Mark; Stabenow, Debbie; Scott, Tim"
"H.R. 2872: Making further continuing appropriations for the fiscal year ending September 30, 2024, and for other purposes. ","Booker, Cory; Hickenlooper, John; Cardin, Benjamin; Murkowski, Lisa; Kaine, Tim; Hyde-Smith, Cindy; Shaheen, Jeanne; Romney, Mitt; Duckworth, Tammy; Boozman, John; Hirono, Mazie; Ossoff, Jon; Merkley, Jeff; Rosen, Jacky; Manchin, Joe; Wicker, Roger; Fischer, Deb; Heinrich, Martin; Whitehouse, Sheldon; Butler, Laphonza; Van Hollen, Chris; Coons, Christopher; Hassan, Maggie; Markey, Ed; Stabenow, Debbie; Schumer, Chuck; Collins, Susan; Cantwell, Maria; Peters, Gary; Welch, Peter; Carper, Thomas; Brown, Sherrod; Luján, Ben; Young, Todd; Lankford, James; Sanders, Bernie; Rubio, Marco; Rounds, Mike; Casey, Bob; Moran, Jerry; Cotton, Tom; Cortez Masto, Catherine; Bennet, Michael; Wyden, Ron; Durbin, Richard; Daines, Steve; Sullivan, Dan; Baldwin, Tammy; Padilla, Alex; Hagerty, Bill; Warren, Elizabeth; Menendez, Bob; Tester, Jon; McConnell, Mitch; Smith, Tina; Mullin, Markwayne; Ernst, Joni; Murphy, Christopher; Warner, Mark; Kelly, Mark; Gillibrand, Kirsten; Fetterman, John; King, Angus; Murray, Patty; Schatz, Brian; Reed, Jack; Klobuchar, Amy; Capito, Shelley; Cornyn, John; Lummis, Cynthia; Blumenthal, Richard; Cassidy, Bill; Warnock, Raphael; Tillis, Thom; Sinema, Kyrsten; Ricketts, Pete; Thune, John","Cruz, Ted; Cramer, Kevin; Schmitt, Eric; Vance, J.D. (James); Hawley, Josh; Hoeven, John; Johnson, Ron; Risch, James; Braun, Mike; Crapo, Mike; Marshall, Roger; Budd, Ted; Britt, Katie; Blackburn, Marsha; Paul, Rand; Lee, Mike; Tuberville, Tommy; Scott, Tim","Scott, Rick; Kennedy, John Neely; Grassley, Chuck; Graham, Lindsey; Barrasso, John"
On the Motion (Marshall Motion to Commit H.R. 2872 to the Committee on Appropriations with instructions) ,"Cruz, Ted; Daines, Steve; Lummis, Cynthia; Vance, J.D. (James); Johnson, Ron; Risch, James; Marshall, Roger; Crapo, Mike; Budd, Ted; Hawley, Josh; Paul, Rand; Lee, Mike; Tuberville, Tommy","Braun, Mike; Booker, Cory; Hickenlooper, John; Scott, Tim; Cardin, Benjamin; Murkowski, Lisa; Kaine, Tim; Hyde-Smith, Cindy; Shaheen, Jeanne; Romney, Mitt; Duckworth, Tammy; Boozman, John; Hirono, Mazie; Ossoff, Jon; Merkley, Jeff; Rosen, Jacky; Wicker, Roger; Manchin, Joe; Fischer, Deb; Heinrich, Martin; Whitehouse, Sheldon; Butler, Laphonza; Van Hollen, Chris; Coons, Christopher; Hassan, Maggie; Markey, Ed; Stabenow, Debbie; Schumer, Chuck; Collins, Susan; Cantwell, Maria; Peters, Gary; Welch, Peter; Carper, Thomas; Brown, Sherrod; Luján, Ben; Young, Todd; Lankford, James; Sanders, Bernie; Schmitt, Eric; Rubio, Marco; Rounds, Mike; Casey, Bob; Moran, Jerry; Cotton, Tom; Cortez Masto, Catherine; Blackburn, Marsha; Bennet, Michael; Wyden, Ron; Durbin, Richard; Sullivan, Dan; Baldwin, Tammy; Padilla, Alex; Hagerty, Bill; Warren, Elizabeth; Menendez, Bob; Tester, Jon; McConnell, Mitch; Smith, Tina; Cramer, Kevin; Mullin, Markwayne; Hoeven, John; Ernst, Joni; Murphy, Christopher; Warner, Mark; Kelly, Mark; Gillibrand, Kirsten; Fetterman, John; King, Angus; Murray, Patty; Schatz, Brian; Reed, Jack; Klobuchar, Amy; Capito, Shelley; Cornyn, John; Blumenthal, Richard; Cassidy, Bill; Britt, Katie; Warnock, Raphael; Tillis, Thom; Sinema, Kyrsten; Ricketts, Pete; Thune, John","Scott, Rick; Kennedy, John Neely; Grassley, Chuck; Graham, Lindsey; Barrasso, John"
S.Amdt. 1384 (Paul) to H.R. 2872: To limit foreign assistance to the Palestinian Authority or any other Palestinian governing entity in the West Bank and Gaza. ,"Schmitt, Eric; Rubio, Marco; Vance, J.D. (James); Rounds, Mike; Moran, Jerry; Cotton, Tom; Braun, Mike; Crapo, Mike; Blackburn, Marsha; Paul, Rand; Johnson, Ron; Tuberville, Tommy; Scott, Tim; Collins, Susan; Daines, Steve; Sullivan, Dan; Capito, Shelley; Cornyn, John; Lee, Mike; Hagerty, Bill; Murkowski, Lisa; Cruz, Ted; Lummis, Cynthia; Hyde-Smith, Cindy; Cassidy, Bill; Risch, James; Romney, Mitt; Britt, Katie; Budd, Ted; Boozman, John; McConnell, Mitch; Cramer, Kevin; Wicker, Roger; Mullin, Markwayne; Manchin, Joe; Young, Todd; Tillis, Thom; Hoeven, John; Fischer, Deb; Ernst, Joni; Ricketts, Pete; Marshall, Roger; Lankford, James; Thune, John","Van Hollen, Chris; Coons, Christopher; Fetterman, John; King, Angus; Casey, Bob; Murray, Patty; Hassan, Maggie; Cortez Masto, Catherine; Bennet, Michael; Schatz, Brian; Hickenlooper, John; Markey, Ed; Booker, Cory; Stabenow, Debbie; Wyden, Ron; Durbin, Richard; Schumer, Chuck; Reed, Jack; Klobuchar, Amy; Cardin, Benjamin; Cantwell, Maria; Baldwin, Tammy; Padilla, Alex; Peters, Gary; Welch, Peter; Kaine, Tim; Blumenthal, Richard; Shaheen, Jeanne; Warren, Elizabeth; Menendez, Bob; Carper, Thomas; Duckworth, Tammy; Tester, Jon; Hirono, Mazie; Ossoff, Jon; Brown, Sherrod; Smith, Tina; Rosen, Jacky; Warnock, Raphael; Luján, Ben; Merkley, Jeff; Sinema, Kyrsten; Heinrich, Martin; Whitehouse, Sheldon; Murphy, Christopher; Sanders, Bernie; Warner, Mark; Butler, Laphonza; Gillibrand, Kirsten; Kelly, Mark","Scott, Rick; Kennedy, John Neely; Grassley, Chuck; Graham, Lindsey; Barrasso, John; Hawley, Josh"
Motion to Invoke Cloture: Motion to Proceed to H.R. 2872 ,"Van Hollen, Chris; Fetterman, John; King, Angus; Casey, Bob; Moran, Jerry; Graham, Lindsey; Cotton, Tom; Murray, Patty; Hassan, Maggie; Cortez Masto, Catherine; Manchin, Joe; Bennet, Michael; Booker, Cory; Hickenlooper, John; Markey, Ed; Stabenow, Debbie; Wyden, Ron; Durbin, Richard; Collins, Susan; Schumer, Chuck; Reed, Jack; Klobuchar, Amy; Capito, Shelley; Cornyn, John; Cantwell, Maria; Baldwin, Tammy; Padilla, Alex; Peters, Gary; Welch, Peter; Murkowski, Lisa; Thune, John; Kaine, Tim; Lummis, Cynthia; Blumenthal, Richard; Shaheen, Jeanne; Cassidy, Bill; Warren, Elizabeth; Menendez, Bob; Carper, Thomas; Duckworth, Tammy; Tester, Jon; McConnell, Mitch; Hirono, Mazie; Ossoff, Jon; Brown, Sherrod; Smith, Tina; Rosen, Jacky; Warnock, Raphael; Luján, Ben; Cramer, Kevin; Young, Todd; Tillis, Thom; Mullin, Markwayne; Hoeven, John; Merkley, Jeff; Sinema, Kyrsten; Fischer, Deb; Heinrich, Martin; Whitehouse, Sheldon; Ernst, Joni; Murphy, Christopher; Ricketts, Pete; Lankford, James; Sanders, Bernie; Warner, Mark; Butler, Laphonza; Gillibrand, Kirsten; Kelly, Mark","Scott, Rick; Cruz, Ted; Vance, J.D. (James); Johnson, Ron; Risch, James; Braun, Mike; Crapo, Mike; Marshall, Roger; Budd, Ted; Britt, Katie; Paul, Rand; Lee, Mike; Scott, Tim","Schmitt, Eric; Coons, Christopher; Rubio, Marco; Rounds, Mike; Blackburn, Marsha; Hawley, Josh; Schatz, Brian; Barrasso, John; Tuberville, Tommy; Daines, Steve; Sullivan, Dan; Kennedy, John Neely; Cardin, Benjamin; Hagerty, Bill; Hyde-Smith, Cindy; Grassley, Chuck; Romney, Mitt; Boozman, John; Wicker, Roger"
On the Motion to Table S.Res. 504 ,"Fetterman, John; Vance, J.D. (James); King, Angus; Casey, Bob; Moran, Jerry; Graham, Lindsey; Cotton, Tom; Murray, Patty; Hassan, Maggie; Cortez Masto, Catherine; Braun, Mike; Crapo, Mike; Bennet, Michael; Hawley, Josh; Hickenlooper, John; Booker, Cory; Johnson, Ron; Stabenow, Debbie; Wyden, Ron; Durbin, Richard; Collins, Susan; Schumer, Chuck; Reed, Jack; Scott, Tim; Klobuchar, Amy; Capito, Shelley; Cornyn, John; Cardin, Benjamin; Cantwell, Maria; Baldwin, Tammy; Padilla, Alex; Peters, Gary; Lee, Mike; Murkowski, Lisa; Scott, Rick; Cruz, Ted; Kaine, Tim; Lummis, Cynthia; Blumenthal, Richard; Shaheen, Jeanne; Cassidy, Bill; Risch, James; Menendez, Bob; Carper, Thomas; Duckworth, Tammy; Britt, Katie; Budd, Ted; Tester, Jon; McConnell, Mitch; Ossoff, Jon; Brown, Sherrod; Smith, Tina; Rosen, Jacky; Warnock, Raphael; Cramer, Kevin; Mullin, Markwayne; Young, Todd; Tillis, Thom; Thune, John; Hoeven, John; Manchin, Joe; Sinema, Kyrsten; Fischer, Deb; Whitehouse, Sheldon; Ernst, Joni; Murphy, Christopher; Marshall, Roger; Ricketts, Pete; Lankford, James; Warner, Mark; Gillibrand, Kirsten; Kelly, Mark","Luján, Ben; Merkley, Jeff; Van Hollen, Chris; Heinrich, Martin; Paul, Rand; Warren, Elizabeth; Sanders, Bernie; Butler, Laphonza; Markey, Ed; Welch, Peter; Hirono, Mazie","Wicker, Roger; Schmitt, Eric; Coons, Christopher; Sullivan, Dan; Rubio, Marco; Daines, Steve; Rounds, Mike; Hyde-Smith, Cindy; Kennedy, John Neely; Grassley, Chuck; Hagerty, Bill; Romney, Mitt; Blackburn, Marsha; Barrasso, John; Schatz, Brian; Tuberville, Tommy; Boozman, John"
"On the Nomination PN837: Erika L. McEntarfer, of the District of Columbia, to be Commissioner of Labor Statistics, Department of Labor, for a term of four years ","Braun, Mike; Booker, Cory; Hickenlooper, John; Scott, Tim; Cardin, Benjamin; Murkowski, Lisa; Kaine, Tim; Hyde-Smith, Cindy; Shaheen, Jeanne; Romney, Mitt; Duckworth, Tammy; Boozman, John; Hirono, Mazie; Ossoff, Jon; Merkley, Jeff; Rosen, Jacky; Wicker, Roger; Fischer, Deb; Heinrich, Martin; Whitehouse, Sheldon; Marshall, Roger; Butler, Laphonza; Van Hollen, Chris; Coons, Christopher; Graham, Lindsey; Hassan, Maggie; Barrasso, John; Paul, Rand; Markey, Ed; Stabenow, Debbie; Schumer, Chuck; Collins, Susan; Peters, Gary; Welch, Peter; Carper, Thomas; Budd, Ted; Brown, Sherrod; Luján, Ben; Young, Todd; Lankford, James; Rubio, Marco; Rounds, Mike; Casey, Bob; Cotton, Tom; Cortez Masto, Catherine; Blackburn, Marsha; Bennet, Michael; Wyden, Ron; Durbin, Richard; Daines, Steve; Sullivan, Dan; Baldwin, Tammy; Padilla, Alex; Hagerty, Bill; Warren, Elizabeth; Menendez, Bob; Tester, Jon; McConnell, Mitch; Smith, Tina; Hoeven, John; Ernst, Joni; Murphy, Christopher; Warner, Mark; Kelly, Mark; Gillibrand, Kirsten; Fetterman, John; Vance, J.D. (James); King, Angus; Murray, Patty; Schatz, Brian; Johnson, Ron; Tuberville, Tommy; Reed, Jack; Klobuchar, Amy; Capito, Shelley; Cornyn, John; Lummis, Cynthia; Blumenthal, Richard; Grassley, Chuck; Cassidy, Bill; Britt, Katie; Warnock, Raphael; Tillis, Thom; Sinema, Kyrsten; Ricketts, Pete; Thune, John","Scott, Rick; Cruz, Ted; Schmitt, Eric; Kennedy, John Neely; Risch, James; Crapo, Mike; Hawley, Josh; Lee, Mike","Cramer, Kevin; Manchin, Joe; Mullin, Markwayne; Moran, Jerry; Cantwell, Maria; Sanders, Bernie"
"Motion to Invoke Cloture: Erika L. McEntarfer to be Commissioner of Labor Statistics: Erika L. McEntarfer, of the District of Columbia, to be Commissioner of Labor Statistics, Department of Labor, for a term of four years ","Braun, Mike; Booker, Cory; Hickenlooper, John; Scott, Tim; Cardin, Benjamin; Murkowski, Lisa; Kaine, Tim; Hyde-Smith, Cindy; Shaheen, Jeanne; Romney, Mitt; Duckworth, Tammy; Boozman, John; Hirono, Mazie; Ossoff, Jon; Merkley, Jeff; Rosen, Jacky; Wicker, Roger; Manchin, Joe; Fischer, Deb; Heinrich, Martin; Whitehouse, Sheldon; Marshall, Roger; Butler, Laphonza; Van Hollen, Chris; Coons, Christopher; Graham, Lindsey; Hassan, Maggie; Barrasso, John; Paul, Rand; Markey, Ed; Stabenow, Debbie; Schumer, Chuck; Collins, Susan; Peters, Gary; Welch, Peter; Carper, Thomas; Budd, Ted; Brown, Sherrod; Luján, Ben; Young, Todd; Lankford, James; Sanders, Bernie; Rubio, Marco; Rounds, Mike; Casey, Bob; Cotton, Tom; Cortez Masto, Catherine; Blackburn, Marsha; Bennet, Michael; Wyden, Ron; Durbin, Richard; Daines, Steve; Sullivan, Dan; Baldwin, Tammy; Padilla, Alex; Hagerty, Bill; Warren, Elizabeth; Menendez, Bob; Tester, Jon; McConnell, Mitch; Smith, Tina; Hoeven, John; Ernst, Joni; Murphy, Christopher; Warner, Mark; Kelly, Mark; Gillibrand, Kirsten; Fetterman, John; Vance, J.D. (James); King, Angus; Murray, Patty; Schatz, Brian; Johnson, Ron; Tuberville, Tommy; Reed, Jack; Klobuchar, Amy; Capito, Shelley; Cornyn, John; Lummis, Cynthia; Blumenthal, Richard; Grassley, Chuck; Cassidy, Bill; Britt, Katie; Warnock, Raphael; Tillis, Thom; Sinema, Kyrsten; Ricketts, Pete; Thune, John","Scott, Rick; Cruz, Ted; Schmitt, Eric; Kennedy, John Neely; Risch, James; Crapo, Mike; Hawley, Josh; Lee, Mike","Mullin, Markwayne; Cramer, Kevin; Cantwell, Maria; Moran, Jerry"
"S.J.Res. 32: A joint resolution providing for congressional disapproval under chapter 8 of title 5, United States Code, of the rule submitted by the Bureau of Consumer Financial Protection relating to “Small Business Lending Under the Equal Credit Opport ","Schmitt, Eric; Rubio, Marco; King, Angus; Vance, J.D. (James); Rounds, Mike; Moran, Jerry; Graham, Lindsey; Cotton, Tom; Braun, Mike; Crapo, Mike; Blackburn, Marsha; Hawley, Josh; Barrasso, John; Hickenlooper, John; Paul, Rand; Tuberville, Tommy; Johnson, Ron; Scott, Tim; Collins, Susan; Daines, Steve; Sullivan, Dan; Capito, Shelley; Kennedy, John Neely; Cornyn, John; Lee, Mike; Hagerty, Bill; Murkowski, Lisa; Scott, Rick; Cruz, Ted; Lummis, Cynthia; Hyde-Smith, Cindy; Grassley, Chuck; Risch, James; Cassidy, Bill; Romney, Mitt; Britt, Katie; Budd, Ted; Tester, Jon; Boozman, John; McConnell, Mitch; Cramer, Kevin; Wicker, Roger; Mullin, Markwayne; Manchin, Joe; Young, Todd; Tillis, Thom; Hoeven, John; Sinema, Kyrsten; Fischer, Deb; Ernst, Joni; Ricketts, Pete; Marshall, Roger; Lankford, James; Thune, John","Van Hollen, Chris; Coons, Christopher; Fetterman, John; Casey, Bob; Murray, Patty; Hassan, Maggie; Cortez Masto, Catherine; Bennet, Michael; Schatz, Brian; Booker, Cory; Markey, Ed; Stabenow, Debbie; Wyden, Ron; Durbin, Richard; Schumer, Chuck; Reed, Jack; Klobuchar, Amy; Cardin, Benjamin; Baldwin, Tammy; Padilla, Alex; Peters, Gary; Welch, Peter; Kaine, Tim; Blumenthal, Richard; Shaheen, Jeanne; Warren, Elizabeth; Menendez, Bob; Carper, Thomas; Duckworth, Tammy; Hirono, Mazie; Ossoff, Jon; Brown, Sherrod; Smith, Tina; Rosen, Jacky; Warnock, Raphael; Luján, Ben; Merkley, Jeff; Heinrich, Martin; Whitehouse, Sheldon; Murphy, Christopher; Sanders, Bernie; Warner, Mark; Butler, Laphonza; Gillibrand, Kirsten; Kelly, Mark","Cantwell, Maria"
"On the Nomination PN376: S. Kato Crews, of Colorado, to be United States District Judge for the District of Colorado ","Van Hollen, Chris; Coons, Christopher; Fetterman, John; King, Angus; Casey, Bob; Murray, Patty; Hassan, Maggie; Cortez Masto, Catherine; Bennet, Michael; Schatz, Brian; Hickenlooper, John; Markey, Ed; Booker, Cory; Stabenow, Debbie; Wyden, Ron; Durbin, Richard; Collins, Susan; Schumer, Chuck; Reed, Jack; Klobuchar, Amy; Cardin, Benjamin; Baldwin, Tammy; Padilla, Alex; Peters, Gary; Welch, Peter; Murkowski, Lisa; Kaine, Tim; Blumenthal, Richard; Shaheen, Jeanne; Warren, Elizabeth; Menendez, Bob; Carper, Thomas; Duckworth, Tammy; Tester, Jon; Hirono, Mazie; Ossoff, Jon; Brown, Sherrod; Smith, Tina; Rosen, Jacky; Warnock, Raphael; Luján, Ben; Merkley, Jeff; Manchin, Joe; Heinrich, Martin; Whitehouse, Sheldon; Murphy, Christopher; Sanders, Bernie; Warner, Mark; Butler, Laphonza; Gillibrand, Kirsten; Kelly, Mark","Schmitt, Eric; Rubio, Marco; Vance, J.D. (James); Rounds, Mike; Moran, Jerry; Graham, Lindsey; Cotton, Tom; Braun, Mike; Crapo, Mike; Blackburn, Marsha; Hawley, Josh; Barrasso, John; Paul, Rand; Johnson, Ron; Tuberville, Tommy; Scott, Tim; Daines, Steve; Sullivan, Dan; Capito, Shelley; Kennedy, John Neely; Cornyn, John; Lee, Mike; Hagerty, Bill; Scott, Rick; Cruz, Ted; Lummis, Cynthia; Hyde-Smith, Cindy; Grassley, Chuck; Risch, James; Cassidy, Bill; Romney, Mitt; Britt, Katie; Budd, Ted; Boozman, John; McConnell, Mitch; Cramer, Kevin; Wicker, Roger; Mullin, Markwayne; Young, Todd; Tillis, Thom; Hoeven, John; Sinema, Kyrsten; Fischer, Deb; Ernst, Joni; Ricketts, Pete; Marshall, Roger; Lankford, James; Thune, John","Cantwell, Maria"
"Motion to Invoke Cloture: S. Kato Crews to be U.S. District Judge for the District of Colorado: S. Kato Crews, of Colorado, to be United States District Judge for the District of Colorado ","Van Hollen, Chris; Coons, Christopher; Fetterman, John; King, Angus; Casey, Bob; Murray, Patty; Hassan, Maggie; Cortez Masto, Catherine; Bennet, Michael; Schatz, Brian; Hickenlooper, John; Markey, Ed; Booker, Cory; Stabenow, Debbie; Wyden, Ron; Durbin, Richard; Collins, Susan; Schumer, Chuck; Reed, Jack; Klobuchar, Amy; Cardin, Benjamin; Baldwin, Tammy; Padilla, Alex; Peters, Gary; Welch, Peter; Murkowski, Lisa; Kaine, Tim; Blumenthal, Richard; Shaheen, Jeanne; Warren, Elizabeth; Menendez, Bob; Carper, Thomas; Duckworth, Tammy; Tester, Jon; Hirono, Mazie; Ossoff, Jon; Brown, Sherrod; Smith, Tina; Rosen, Jacky; Warnock, Raphael; Luján, Ben; Merkley, Jeff; Manchin, Joe; Heinrich, Martin; Whitehouse, Sheldon; Murphy, Christopher; Sanders, Bernie; Warner, Mark; Butler, Laphonza; Gillibrand, Kirsten; Kelly, Mark","Schmitt, Eric; Rubio, Marco; Vance, J.D. (James); Rounds, Mike; Moran, Jerry; Graham, Lindsey; Cotton, Tom; Braun, Mike; Crapo, Mike; Blackburn, Marsha; Hawley, Josh; Barrasso, John; Paul, Rand; Johnson, Ron; Tuberville, Tommy; Scott, Tim; Daines, Steve; Sullivan, Dan; Capito, Shelley; Kennedy, John Neely; Cornyn, John; Lee, Mike; Hagerty, Bill; Scott, Rick; Cruz, Ted; Lummis, Cynthia; Hyde-Smith, Cindy; Grassley, Chuck; Cassidy, Bill; Romney, Mitt; Britt, Katie; Budd, Ted; Boozman, John; McConnell, Mitch; Cramer, Kevin; Wicker, Roger; Mullin, Markwayne; Young, Todd; Tillis, Thom; Hoeven, John; Sinema, Kyrsten; Fischer, Deb; Ernst, Joni; Ricketts, Pete; Marshall, Roger; Lankford, James; Thune, John","Cantwell, Maria; Risch, James"
"On the Nomination PN1020: John A. Kazen, of Texas, to be United States District Judge for the Southern District of Texas ","Booker, Cory; Hickenlooper, John; Kennedy, John Neely; Cardin, Benjamin; Lee, Mike; Murkowski, Lisa; Cruz, Ted; Kaine, Tim; Hyde-Smith, Cindy; Shaheen, Jeanne; Romney, Mitt; Duckworth, Tammy; Boozman, John; Hirono, Mazie; Ossoff, Jon; Merkley, Jeff; Rosen, Jacky; Wicker, Roger; Manchin, Joe; Fischer, Deb; Heinrich, Martin; Whitehouse, Sheldon; Butler, Laphonza; Van Hollen, Chris; Coons, Christopher; Graham, Lindsey; Hassan, Maggie; Barrasso, John; Markey, Ed; Stabenow, Debbie; Schumer, Chuck; Collins, Susan; Peters, Gary; Welch, Peter; Carper, Thomas; Budd, Ted; Brown, Sherrod; Luján, Ben; Young, Todd; Lankford, James; Sanders, Bernie; Rubio, Marco; Rounds, Mike; Casey, Bob; Moran, Jerry; Cotton, Tom; Cortez Masto, Catherine; Blackburn, Marsha; Bennet, Michael; Wyden, Ron; Durbin, Richard; Daines, Steve; Baldwin, Tammy; Padilla, Alex; Hagerty, Bill; Warren, Elizabeth; Menendez, Bob; Tester, Jon; McConnell, Mitch; Smith, Tina; Cramer, Kevin; Ernst, Joni; Murphy, Christopher; Kelly, Mark; Fetterman, John; King, Angus; Murray, Patty; Crapo, Mike; Schatz, Brian; Johnson, Ron; Reed, Jack; Klobuchar, Amy; Capito, Shelley; Cornyn, John; Lummis, Cynthia; Blumenthal, Richard; Grassley, Chuck; Risch, James; Warnock, Raphael; Tillis, Thom; Sinema, Kyrsten; Ricketts, Pete; Gillibrand, Kirsten","Scott, Rick; Schmitt, Eric; Mullin, Markwayne; Sullivan, Dan; Vance, J.D. (James); Hawley, Josh; Hoeven, John; Braun, Mike; Marshall, Roger; Britt, Katie; Paul, Rand; Thune, John; Tuberville, Tommy; Scott, Tim","Cantwell, Maria; Cassidy, Bill; Warner, Mark"
"Motion to Invoke Cloture: John A. Kazen to be U.S. District Judge for the Southern District of Texas: John A. Kazen, of Texas, to be United States District Judge for the Southern District of Texas ","Van Hollen, Chris; Coons, Christopher; King, Angus; Rounds, Mike; Casey, Bob; Murray, Patty; Hassan, Maggie; Cortez Masto, Catherine; Crapo, Mike; Blackburn, Marsha; Bennet, Michael; Schatz, Brian; Hickenlooper, John; Markey, Ed; Booker, Cory; Johnson, Ron; Stabenow, Debbie; Wyden, Ron; Durbin, Richard; Collins, Susan; Schumer, Chuck; Reed, Jack; Klobuchar, Amy; Daines, Steve; Capito, Shelley; Kennedy, John Neely; Cornyn, John; Cardin, Benjamin; Baldwin, Tammy; Padilla, Alex; Peters, Gary; Hagerty, Bill; Welch, Peter; Murkowski, Lisa; Cruz, Ted; Kaine, Tim; Hyde-Smith, Cindy; Blumenthal, Richard; Shaheen, Jeanne; Grassley, Chuck; Warren, Elizabeth; Menendez, Bob; Carper, Thomas; Duckworth, Tammy; Romney, Mitt; Budd, Ted; Tester, Jon; McConnell, Mitch; Hirono, Mazie; Ossoff, Jon; Brown, Sherrod; Smith, Tina; Rosen, Jacky; Warnock, Raphael; Wicker, Roger; Cramer, Kevin; Young, Todd; Tillis, Thom; Merkley, Jeff; Manchin, Joe; Sinema, Kyrsten; Fischer, Deb; Heinrich, Martin; Whitehouse, Sheldon; Ernst, Joni; Murphy, Christopher; Ricketts, Pete; Lankford, James; Sanders, Bernie; Warner, Mark; Butler, Laphonza; Gillibrand, Kirsten; Kelly, Mark","Scott, Rick; Schmitt, Eric; Mullin, Markwayne; Sullivan, Dan; Vance, J.D. (James); Hawley, Josh; Hoeven, John; Lee, Mike; Lummis, Cynthia; Braun, Mike; Marshall, Roger; Britt, Katie; Paul, Rand; Thune, John; Tuberville, Tommy","Luján, Ben; Fetterman, John; Rubio, Marco; Moran, Jerry; Cassidy, Bill; Risch, James; Cotton, Tom; Graham, Lindsey; Cantwell, Maria; Barrasso, John; Boozman, John; Scott, Tim"
